date,store_id,sku_id,category,subcategory,quantity,price,revenue,promotion,discount,stockout,stock_level,weather_bucket,temperature,day_of_week,is_weekend,month
2023-01-01,STORE_001,SKU_0001,Vegetables,Vegetables_Sub_2,33,11.79,389.15,0,0.0,0,45,Cloudy,20.7,6,1,1
2023-01-01,STORE_001,SKU_0002,Bakery,Bakery_Sub_3,17,13.86,235.6,0,0.0,0,25,Cloudy,19.0,6,1,1
2023-01-01,STORE_001,SKU_0003,Chilled,Chilled_Sub_4,11,7.1,78.1,0,0.0,0,27,Cloudy,17.5,6,1,1
2023-01-01,STORE_001,SKU_0004,Dairy,Dairy_Sub_5,30,12.12,363.46,0,0.0,0,56,Hot,25.9,6,1,1
2023-01-01,STORE_001,SKU_0005,Fruits,Fruits_Sub_1,24,12.18,292.26,0,0.0,0,38,Sunny,26.4,6,1,1
2023-01-01,STORE_001,SKU_0006,Vegetables,Vegetables_Sub_2,31,7.67,237.87,0,0.0,0,62,Hot,11.0,6,1,1
2023-01-01,STORE_001,SKU_0007,Bakery,Bakery_Sub_3,15,9.58,143.66,0,0.0,0,25,Rainy,17.8,6,1,1
2023-01-01,STORE_001,SKU_0008,Chilled,Chilled_Sub_4,14,10.17,142.43,0,0.0,0,37,Cloudy,21.4,6,1,1
2023-01-01,STORE_001,SKU_0009,Dairy,Dairy_Sub_5,21,7.23,151.76,0,0.0,0,45,Sunny,15.3,6,1,1
2023-01-01,STORE_001,SKU_0010,Fruits,Fruits_Sub_1,16,13.93,222.91,0,0.0,0,36,Cloudy,15.1,6,1,1
2023-01-01,STORE_001,SKU_0011,Vegetables,Vegetables_Sub_2,39,9.29,309.76,1,0.14,0,71,Cloudy,16.5,6,1,1
2023-01-01,STORE_001,SKU_0012,Bakery,Bakery_Sub_3,15,13.19,197.82,0,0.0,0,27,Sunny,25.9,6,1,1
2023-01-01,STORE_001,SKU_0013,Chilled,Chilled_Sub_4,18,13.99,251.86,0,0.0,0,41,Cloudy,10.1,6,1,1
2023-01-01,STORE_001,SKU_0014,Dairy,Dairy_Sub_5,24,7.45,178.88,0,0.0,0,50,Rainy,15.7,6,1,1
2023-01-01,STORE_001,SKU_0015,Fruits,Fruits_Sub_1,24,11.75,282.1,0,0.0,0,44,Cloudy,16.5,6,1,1
2023-01-01,STORE_001,SKU_0016,Vegetables,Vegetables_Sub_2,31,8.03,248.95,0,0.0,0,65,Sunny,18.3,6,1,1
2023-01-01,STORE_001,SKU_0017,Bakery,Bakery_Sub_3,19,3.67,69.66,0,0.0,0,24,Cold,23.3,6,1,1
2023-01-01,STORE_001,SKU_0018,Chilled,Chilled_Sub_4,19,6.16,117.12,0,0.0,0,35,Hot,12.7,6,1,1
2023-01-01,STORE_001,SKU_0019,Dairy,Dairy_Sub_5,19,9.19,174.59,0,0.0,0,59,Sunny,23.6,6,1,1
2023-01-01,STORE_001,SKU_0020,Fruits,Fruits_Sub_1,30,8.32,249.49,0,0.0,0,37,Hot,25.0,6,1,1
2023-01-01,STORE_001,SKU_0021,Vegetables,Vegetables_Sub_2,27,12.33,332.89,0,0.0,0,51,Cold,20.7,6,1,1
2023-01-01,STORE_001,SKU_0022,Bakery,Bakery_Sub_3,18,4.92,88.5,0,0.0,0,25,Cloudy,23.1,6,1,1
2023-01-01,STORE_001,SKU_0023,Chilled,Chilled_Sub_4,18,3.97,71.54,0,0.0,0,30,Cold,11.0,6,1,1
2023-01-01,STORE_001,SKU_0024,Dairy,Dairy_Sub_5,22,14.43,317.4,0,0.0,0,55,Sunny,26.3,6,1,1
2023-01-01,STORE_001,SKU_0025,Fruits,Fruits_Sub_1,19,10.59,153.41,1,0.24,0,35,Sunny,14.2,6,1,1
2023-01-01,STORE_001,SKU_0026,Vegetables,Vegetables_Sub_2,0,8.25,0.0,0,0.0,1,56,Cloudy,13.6,6,1,1
2023-01-01,STORE_001,SKU_0027,Bakery,Bakery_Sub_3,15,9.29,139.3,0,0.0,0,36,Cloudy,17.6,6,1,1
2023-01-01,STORE_001,SKU_0028,Chilled,Chilled_Sub_4,11,12.7,139.69,0,0.0,0,32,Cold,24.9,6,1,1
2023-01-01,STORE_001,SKU_0029,Dairy,Dairy_Sub_5,33,2.87,94.69,0,0.0,0,55,Cold,24.4,6,1,1
2023-01-01,STORE_001,SKU_0030,Fruits,Fruits_Sub_1,29,3.6,104.27,0,0.0,0,46,Hot,22.2,6,1,1
2023-01-01,STORE_001,SKU_0031,Vegetables,Vegetables_Sub_2,29,14.49,361.17,1,0.14,0,44,Rainy,15.1,6,1,1
2023-01-01,STORE_001,SKU_0032,Bakery,Bakery_Sub_3,14,6.75,94.57,0,0.0,0,28,Hot,16.0,6,1,1
2023-01-01,STORE_001,SKU_0033,Chilled,Chilled_Sub_4,10,8.57,62.61,1,0.27,0,36,Sunny,11.9,6,1,1
2023-01-01,STORE_001,SKU_0034,Dairy,Dairy_Sub_5,20,14.26,285.24,0,0.0,0,60,Hot,10.0,6,1,1
2023-01-01,STORE_001,SKU_0035,Fruits,Fruits_Sub_1,16,5.17,82.66,0,0.0,0,34,Cold,16.6,6,1,1
2023-01-01,STORE_001,SKU_0036,Vegetables,Vegetables_Sub_2,23,10.68,245.55,0,0.0,0,58,Cloudy,14.0,6,1,1
2023-01-01,STORE_001,SKU_0037,Bakery,Bakery_Sub_3,22,14.35,315.73,0,0.0,0,30,Sunny,18.1,6,1,1
2023-01-01,STORE_001,SKU_0038,Chilled,Chilled_Sub_4,12,8.66,103.96,0,0.0,0,31,Hot,22.3,6,1,1
2023-01-01,STORE_001,SKU_0039,Dairy,Dairy_Sub_5,21,9.82,206.3,0,0.0,0,39,Cold,28.8,6,1,1
2023-01-01,STORE_001,SKU_0040,Fruits,Fruits_Sub_1,17,6.02,102.4,0,0.0,0,43,Rainy,19.7,6,1,1
2023-01-01,STORE_001,SKU_0041,Vegetables,Vegetables_Sub_2,28,12.75,356.98,0,0.0,0,63,Sunny,23.0,6,1,1
2023-01-01,STORE_001,SKU_0042,Bakery,Bakery_Sub_3,9,9.67,87.04,0,0.0,0,29,Rainy,26.5,6,1,1
2023-01-01,STORE_001,SKU_0043,Chilled,Chilled_Sub_4,20,10.19,203.7,0,0.0,0,27,Cold,14.2,6,1,1
2023-01-01,STORE_001,SKU_0044,Dairy,Dairy_Sub_5,30,7.44,223.18,0,0.0,0,52,Cold,21.0,6,1,1
2023-01-01,STORE_001,SKU_0045,Fruits,Fruits_Sub_1,24,14.92,358.18,0,0.0,0,37,Hot,23.3,6,1,1
2023-01-01,STORE_001,SKU_0046,Vegetables,Vegetables_Sub_2,26,10.04,261.04,0,0.0,0,55,Rainy,24.8,6,1,1
2023-01-01,STORE_001,SKU_0047,Bakery,Bakery_Sub_3,19,8.95,170.1,0,0.0,0,25,Hot,14.1,6,1,1
2023-01-01,STORE_001,SKU_0048,Chilled,Chilled_Sub_4,11,13.03,143.3,0,0.0,0,31,Hot,11.9,6,1,1
2023-01-01,STORE_001,SKU_0049,Dairy,Dairy_Sub_5,23,3.68,84.59,0,0.0,0,32,Sunny,25.7,6,1,1
2023-01-01,STORE_001,SKU_0050,Fruits,Fruits_Sub_1,27,4.57,123.36,0,0.0,0,45,Rainy,10.2,6,1,1
2023-01-01,STORE_002,SKU_0001,Vegetables,Vegetables_Sub_2,29,3.4,76.09,1,0.23,0,49,Rainy,20.0,6,1,1
2023-01-01,STORE_002,SKU_0002,Bakery,Bakery_Sub_3,21,8.22,172.67,0,0.0,0,24,Hot,20.7,6,1,1
2023-01-01,STORE_002,SKU_0003,Chilled,Chilled_Sub_4,14,8.55,119.73,0,0.0,0,34,Sunny,24.0,6,1,1
2023-01-01,STORE_002,SKU_0004,Dairy,Dairy_Sub_5,21,4.36,91.57,0,0.0,0,62,Sunny,12.3,6,1,1
2023-01-01,STORE_002,SKU_0005,Fruits,Fruits_Sub_1,9,12.51,112.62,0,0.0,0,50,Rainy,27.0,6,1,1
2023-01-01,STORE_002,SKU_0006,Vegetables,Vegetables_Sub_2,28,4.73,132.39,0,0.0,0,66,Cloudy,18.5,6,1,1
2023-01-01,STORE_002,SKU_0007,Bakery,Bakery_Sub_3,17,11.95,203.07,0,0.0,0,21,Cloudy,10.4,6,1,1
2023-01-01,STORE_002,SKU_0008,Chilled,Chilled_Sub_4,13,12.44,161.67,0,0.0,0,34,Cold,16.2,6,1,1
2023-01-01,STORE_002,SKU_0009,Dairy,Dairy_Sub_5,23,4.89,112.42,0,0.0,0,44,Cold,19.1,6,1,1
2023-01-01,STORE_002,SKU_0010,Fruits,Fruits_Sub_1,0,12.54,0.0,0,0.0,1,42,Rainy,13.7,6,1,1
2023-01-01,STORE_002,SKU_0011,Vegetables,Vegetables_Sub_2,24,7.03,168.77,0,0.0,0,60,Cold,14.5,6,1,1
2023-01-01,STORE_002,SKU_0012,Bakery,Bakery_Sub_3,19,7.89,149.83,0,0.0,0,24,Cold,10.5,6,1,1
2023-01-01,STORE_002,SKU_0013,Chilled,Chilled_Sub_4,17,11.75,199.77,0,0.0,0,35,Rainy,14.8,6,1,1
2023-01-01,STORE_002,SKU_0014,Dairy,Dairy_Sub_5,20,7.27,145.48,0,0.0,0,53,Sunny,19.3,6,1,1
2023-01-01,STORE_002,SKU_0015,Fruits,Fruits_Sub_1,21,13.71,287.83,0,0.0,0,35,Cloudy,29.4,6,1,1
2023-01-01,STORE_002,SKU_0016,Vegetables,Vegetables_Sub_2,33,5.93,195.69,0,0.0,0,44,Hot,16.4,6,1,1
2023-01-01,STORE_002,SKU_0017,Bakery,Bakery_Sub_3,12,11.32,135.81,0,0.0,0,17,Hot,16.3,6,1,1
2023-01-01,STORE_002,SKU_0018,Chilled,Chilled_Sub_4,13,11.07,143.92,0,0.0,0,28,Cloudy,12.7,6,1,1
2023-01-01,STORE_002,SKU_0019,Dairy,Dairy_Sub_5,23,9.72,223.67,0,0.0,0,45,Sunny,22.2,6,1,1
2023-01-01,STORE_002,SKU_0020,Fruits,Fruits_Sub_1,20,10.05,201.0,0,0.0,0,49,Cloudy,23.6,6,1,1
2023-01-01,STORE_002,SKU_0021,Vegetables,Vegetables_Sub_2,26,11.69,303.97,0,0.0,0,41,Sunny,24.6,6,1,1
2023-01-01,STORE_002,SKU_0022,Bakery,Bakery_Sub_3,12,5.91,70.93,0,0.0,0,32,Hot,26.4,6,1,1
2023-01-01,STORE_002,SKU_0023,Chilled,Chilled_Sub_4,19,11.44,217.38,0,0.0,0,32,Cold,12.6,6,1,1
2023-01-01,STORE_002,SKU_0024,Dairy,Dairy_Sub_5,28,13.8,386.47,0,0.0,0,46,Cloudy,20.8,6,1,1
2023-01-01,STORE_002,SKU_0025,Fruits,Fruits_Sub_1,19,6.35,120.72,0,0.0,0,30,Hot,15.6,6,1,1
2023-01-01,STORE_002,SKU_0026,Vegetables,Vegetables_Sub_2,34,9.44,320.85,0,0.0,0,44,Rainy,17.2,6,1,1
2023-01-01,STORE_002,SKU_0027,Bakery,Bakery_Sub_3,9,2.63,23.68,0,0.0,0,33,Sunny,23.9,6,1,1
2023-01-01,STORE_002,SKU_0028,Chilled,Chilled_Sub_4,16,3.64,58.3,0,0.0,0,32,Sunny,11.5,6,1,1
2023-01-01,STORE_002,SKU_0029,Dairy,Dairy_Sub_5,14,7.58,106.16,0,0.0,0,35,Cloudy,11.4,6,1,1
2023-01-01,STORE_002,SKU_0030,Fruits,Fruits_Sub_1,27,5.84,157.64,0,0.0,0,31,Cloudy,25.2,6,1,1
2023-01-01,STORE_002,SKU_0031,Vegetables,Vegetables_Sub_2,25,12.31,307.75,0,0.0,0,49,Cloudy,28.2,6,1,1
2023-01-01,STORE_002,SKU_0032,Bakery,Bakery_Sub_3,13,2.34,30.47,0,0.0,0,24,Rainy,27.8,6,1,1
2023-01-01,STORE_002,SKU_0033,Chilled,Chilled_Sub_4,26,12.95,336.71,0,0.0,0,29,Cold,11.6,6,1,1
2023-01-01,STORE_002,SKU_0034,Dairy,Dairy_Sub_5,28,12.23,342.49,0,0.0,0,49,Rainy,16.4,6,1,1
2023-01-01,STORE_002,SKU_0035,Fruits,Fruits_Sub_1,18,10.12,182.11,0,0.0,0,39,Hot,18.0,6,1,1
2023-01-01,STORE_002,SKU_0036,Vegetables,Vegetables_Sub_2,23,11.18,257.05,0,0.0,0,54,Cloudy,23.6,6,1,1
2023-01-01,STORE_002,SKU_0037,Bakery,Bakery_Sub_3,16,6.65,106.42,0,0.0,0,27,Cold,27.3,6,1,1
2023-01-01,STORE_002,SKU_0038,Chilled,Chilled_Sub_4,22,14.05,309.12,0,0.0,0,40,Cold,14.0,6,1,1
2023-01-01,STORE_002,SKU_0039,Dairy,Dairy_Sub_5,33,10.23,337.71,0,0.0,0,52,Rainy,17.4,6,1,1
2023-01-01,STORE_002,SKU_0040,Fruits,Fruits_Sub_1,21,12.65,265.69,0,0.0,0,46,Hot,15.6,6,1,1
2023-01-01,STORE_002,SKU_0041,Vegetables,Vegetables_Sub_2,28,2.78,77.96,0,0.0,0,53,Hot,14.4,6,1,1
2023-01-01,STORE_002,SKU_0042,Bakery,Bakery_Sub_3,14,7.36,102.98,0,0.0,0,23,Cold,25.1,6,1,1
2023-01-01,STORE_002,SKU_0043,Chilled,Chilled_Sub_4,20,6.72,134.44,0,0.0,0,28,Cold,16.1,6,1,1
2023-01-01,STORE_002,SKU_0044,Dairy,Dairy_Sub_5,26,12.29,258.63,1,0.19,0,43,Sunny,30.0,6,1,1
2023-01-01,STORE_002,SKU_0045,Fruits,Fruits_Sub_1,27,14.97,404.12,0,0.0,0,41,Cold,22.7,6,1,1
2023-01-01,STORE_002,SKU_0046,Vegetables,Vegetables_Sub_2,34,8.16,277.3,0,0.0,0,43,Sunny,26.5,6,1,1
2023-01-01,STORE_002,SKU_0047,Bakery,Bakery_Sub_3,10,5.51,55.12,0,0.0,0,27,Sunny,24.6,6,1,1
2023-01-01,STORE_002,SKU_0048,Chilled,Chilled_Sub_4,18,6.12,110.1,0,0.0,0,36,Sunny,28.7,6,1,1
2023-01-01,STORE_002,SKU_0049,Dairy,Dairy_Sub_5,32,12.52,305.78,1,0.24,0,42,Rainy,19.6,6,1,1
2023-01-01,STORE_002,SKU_0050,Fruits,Fruits_Sub_1,18,12.82,230.74,0,0.0,0,47,Hot,11.3,6,1,1
2023-01-01,STORE_003,SKU_0001,Vegetables,Vegetables_Sub_2,31,9.71,301.07,0,0.0,0,51,Sunny,19.2,6,1,1
2023-01-01,STORE_003,SKU_0002,Bakery,Bakery_Sub_3,10,9.1,91.02,0,0.0,0,24,Hot,25.0,6,1,1
2023-01-01,STORE_003,SKU_0003,Chilled,Chilled_Sub_4,18,8.82,158.74,0,0.0,0,35,Sunny,21.7,6,1,1
2023-01-01,STORE_003,SKU_0004,Dairy,Dairy_Sub_5,26,14.02,364.55,0,0.0,0,54,Rainy,27.6,6,1,1
2023-01-01,STORE_003,SKU_0005,Fruits,Fruits_Sub_1,16,2.39,38.31,0,0.0,0,51,Cold,23.6,6,1,1
2023-01-01,STORE_003,SKU_0006,Vegetables,Vegetables_Sub_2,20,4.22,84.33,0,0.0,0,52,Sunny,24.7,6,1,1
2023-01-01,STORE_003,SKU_0007,Bakery,Bakery_Sub_3,21,5.13,107.77,0,0.0,0,21,Sunny,22.8,6,1,1
2023-01-01,STORE_003,SKU_0008,Chilled,Chilled_Sub_4,12,4.45,53.36,0,0.0,0,33,Hot,15.5,6,1,1
2023-01-01,STORE_003,SKU_0009,Dairy,Dairy_Sub_5,24,14.62,350.85,0,0.0,0,50,Cold,25.2,6,1,1
2023-01-01,STORE_003,SKU_0010,Fruits,Fruits_Sub_1,17,14.82,251.96,0,0.0,0,36,Cold,19.8,6,1,1
2023-01-01,STORE_003,SKU_0011,Vegetables,Vegetables_Sub_2,33,3.55,117.22,0,0.0,0,60,Rainy,23.5,6,1,1
2023-01-01,STORE_003,SKU_0012,Bakery,Bakery_Sub_3,14,14.11,197.51,0,0.0,0,37,Sunny,26.3,6,1,1
2023-01-01,STORE_003,SKU_0013,Chilled,Chilled_Sub_4,21,9.23,193.8,0,0.0,0,30,Rainy,17.6,6,1,1
2023-01-01,STORE_003,SKU_0014,Dairy,Dairy_Sub_5,30,11.56,346.86,0,0.0,0,56,Sunny,17.3,6,1,1
2023-01-01,STORE_003,SKU_0015,Fruits,Fruits_Sub_1,0,11.08,0.0,0,0.0,1,35,Sunny,12.0,6,1,1
2023-01-01,STORE_003,SKU_0016,Vegetables,Vegetables_Sub_2,23,2.26,51.93,0,0.0,0,54,Cloudy,23.7,6,1,1
2023-01-01,STORE_003,SKU_0017,Bakery,Bakery_Sub_3,13,13.95,181.32,0,0.0,0,26,Hot,25.1,6,1,1
2023-01-01,STORE_003,SKU_0018,Chilled,Chilled_Sub_4,13,3.49,45.41,0,0.0,0,36,Hot,26.1,6,1,1
2023-01-01,STORE_003,SKU_0019,Dairy,Dairy_Sub_5,23,3.62,83.22,0,0.0,0,47,Hot,26.3,6,1,1
2023-01-01,STORE_003,SKU_0020,Fruits,Fruits_Sub_1,16,6.3,100.78,0,0.0,0,34,Rainy,16.9,6,1,1
2023-01-01,STORE_003,SKU_0021,Vegetables,Vegetables_Sub_2,29,6.88,199.38,0,0.0,0,56,Sunny,10.5,6,1,1
2023-01-01,STORE_003,SKU_0022,Bakery,Bakery_Sub_3,16,12.12,193.91,0,0.0,0,39,Hot,16.1,6,1,1
2023-01-01,STORE_003,SKU_0023,Chilled,Chilled_Sub_4,13,7.37,95.83,0,0.0,0,25,Sunny,12.4,6,1,1
2023-01-01,STORE_003,SKU_0024,Dairy,Dairy_Sub_5,21,14.15,297.23,0,0.0,0,50,Cloudy,27.2,6,1,1
2023-01-01,STORE_003,SKU_0025,Fruits,Fruits_Sub_1,22,14.18,311.95,0,0.0,0,40,Hot,16.6,6,1,1
2023-01-01,STORE_003,SKU_0026,Vegetables,Vegetables_Sub_2,31,13.56,420.24,0,0.0,0,51,Cloudy,26.1,6,1,1
2023-01-01,STORE_003,SKU_0027,Bakery,Bakery_Sub_3,18,10.07,181.34,0,0.0,0,26,Rainy,18.5,6,1,1
2023-01-01,STORE_003,SKU_0028,Chilled,Chilled_Sub_4,23,13.48,310.05,0,0.0,0,38,Cold,13.1,6,1,1
2023-01-01,STORE_003,SKU_0029,Dairy,Dairy_Sub_5,20,13.78,275.67,0,0.0,0,42,Sunny,23.3,6,1,1
2023-01-01,STORE_003,SKU_0030,Fruits,Fruits_Sub_1,22,4.82,105.95,0,0.0,0,41,Cloudy,11.3,6,1,1
2023-01-01,STORE_003,SKU_0031,Vegetables,Vegetables_Sub_2,26,2.84,73.85,0,0.0,0,44,Rainy,15.8,6,1,1
2023-01-01,STORE_003,SKU_0032,Bakery,Bakery_Sub_3,0,10.08,0.0,0,0.0,1,25,Cloudy,19.0,6,1,1
2023-01-01,STORE_003,SKU_0033,Chilled,Chilled_Sub_4,20,11.26,225.29,0,0.0,0,33,Rainy,14.0,6,1,1
2023-01-01,STORE_003,SKU_0034,Dairy,Dairy_Sub_5,30,9.87,262.19,1,0.11,0,59,Sunny,21.5,6,1,1
2023-01-01,STORE_003,SKU_0035,Fruits,Fruits_Sub_1,29,13.35,387.12,0,0.0,0,34,Rainy,24.6,6,1,1
2023-01-01,STORE_003,SKU_0036,Vegetables,Vegetables_Sub_2,29,4.9,141.96,0,0.0,0,66,Hot,20.8,6,1,1
2023-01-01,STORE_003,SKU_0037,Bakery,Bakery_Sub_3,12,11.25,134.97,0,0.0,0,32,Sunny,14.9,6,1,1
2023-01-01,STORE_003,SKU_0038,Chilled,Chilled_Sub_4,17,13.29,225.99,0,0.0,0,34,Hot,11.2,6,1,1
2023-01-01,STORE_003,SKU_0039,Dairy,Dairy_Sub_5,21,5.99,125.83,0,0.0,0,50,Hot,21.8,6,1,1
2023-01-01,STORE_003,SKU_0040,Fruits,Fruits_Sub_1,16,14.01,224.14,0,0.0,0,42,Rainy,24.2,6,1,1
2023-01-01,STORE_003,SKU_0041,Vegetables,Vegetables_Sub_2,23,7.6,174.82,0,0.0,0,52,Cold,25.2,6,1,1
2023-01-01,STORE_003,SKU_0042,Bakery,Bakery_Sub_3,14,7.88,110.25,0,0.0,0,18,Rainy,27.3,6,1,1
2023-01-01,STORE_003,SKU_0043,Chilled,Chilled_Sub_4,15,9.86,147.88,0,0.0,0,40,Rainy,27.0,6,1,1
2023-01-01,STORE_003,SKU_0044,Dairy,Dairy_Sub_5,23,5.35,123.15,0,0.0,0,58,Cloudy,25.8,6,1,1
2023-01-01,STORE_003,SKU_0045,Fruits,Fruits_Sub_1,27,4.3,116.18,0,0.0,0,39,Cold,23.2,6,1,1
2023-01-01,STORE_003,SKU_0046,Vegetables,Vegetables_Sub_2,32,10.46,334.83,0,0.0,0,60,Cloudy,22.4,6,1,1
2023-01-01,STORE_003,SKU_0047,Bakery,Bakery_Sub_3,18,14.64,263.6,0,0.0,0,26,Rainy,22.6,6,1,1
2023-01-01,STORE_003,SKU_0048,Chilled,Chilled_Sub_4,16,2.67,42.79,0,0.0,0,30,Hot,24.4,6,1,1
2023-01-01,STORE_003,SKU_0049,Dairy,Dairy_Sub_5,26,4.13,107.44,0,0.0,0,46,Sunny,14.3,6,1,1
2023-01-01,STORE_003,SKU_0050,Fruits,Fruits_Sub_1,22,11.43,251.43,0,0.0,0,40,Hot,22.2,6,1,1
2023-01-01,STORE_004,SKU_0001,Vegetables,Vegetables_Sub_2,21,3.67,77.15,0,0.0,0,47,Hot,18.4,6,1,1
2023-01-01,STORE_004,SKU_0002,Bakery,Bakery_Sub_3,21,13.67,287.07,0,0.0,0,23,Cloudy,28.6,6,1,1
2023-01-01,STORE_004,SKU_0003,Chilled,Chilled_Sub_4,14,5.4,75.55,0,0.0,0,43,Hot,29.7,6,1,1
2023-01-01,STORE_004,SKU_0004,Dairy,Dairy_Sub_5,30,6.47,194.16,0,0.0,0,39,Cloudy,18.2,6,1,1
2023-01-01,STORE_004,SKU_0005,Fruits,Fruits_Sub_1,23,3.27,57.76,1,0.23,0,46,Sunny,21.3,6,1,1
2023-01-01,STORE_004,SKU_0006,Vegetables,Vegetables_Sub_2,27,7.01,189.25,0,0.0,0,51,Cold,12.7,6,1,1
2023-01-01,STORE_004,SKU_0007,Bakery,Bakery_Sub_3,23,12.4,285.12,0,0.0,0,18,Cold,24.2,6,1,1
2023-01-01,STORE_004,SKU_0008,Chilled,Chilled_Sub_4,13,10.42,135.45,0,0.0,0,31,Rainy,13.4,6,1,1
2023-01-01,STORE_004,SKU_0009,Dairy,Dairy_Sub_5,27,3.68,99.25,0,0.0,0,56,Sunny,16.0,6,1,1
2023-01-01,STORE_004,SKU_0010,Fruits,Fruits_Sub_1,18,11.32,203.84,0,0.0,0,37,Rainy,17.0,6,1,1
2023-01-01,STORE_004,SKU_0011,Vegetables,Vegetables_Sub_2,26,2.67,69.46,0,0.0,0,58,Cold,28.4,6,1,1
2023-01-01,STORE_004,SKU_0012,Bakery,Bakery_Sub_3,16,4.71,75.42,0,0.0,0,37,Cloudy,28.5,6,1,1
2023-01-01,STORE_004,SKU_0013,Chilled,Chilled_Sub_4,13,11.64,151.32,0,0.0,0,35,Hot,21.8,6,1,1
2023-01-01,STORE_004,SKU_0014,Dairy,Dairy_Sub_5,25,9.94,248.54,0,0.0,0,56,Sunny,15.8,6,1,1
2023-01-01,STORE_004,SKU_0015,Fruits,Fruits_Sub_1,22,13.64,300.05,0,0.0,0,39,Rainy,15.5,6,1,1
2023-01-01,STORE_004,SKU_0016,Vegetables,Vegetables_Sub_2,26,3.49,90.82,0,0.0,0,49,Cloudy,15.9,6,1,1
2023-01-01,STORE_004,SKU_0017,Bakery,Bakery_Sub_3,14,3.54,41.22,1,0.17,0,35,Cloudy,27.8,6,1,1
2023-01-01,STORE_004,SKU_0018,Chilled,Chilled_Sub_4,17,5.91,100.42,0,0.0,0,31,Sunny,13.4,6,1,1
2023-01-01,STORE_004,SKU_0019,Dairy,Dairy_Sub_5,19,7.72,146.64,0,0.0,0,53,Cloudy,10.3,6,1,1
2023-01-01,STORE_004,SKU_0020,Fruits,Fruits_Sub_1,28,3.29,92.02,0,0.0,0,42,Rainy,17.9,6,1,1
2023-01-01,STORE_004,SKU_0021,Vegetables,Vegetables_Sub_2,26,10.19,264.86,0,0.0,0,47,Rainy,16.8,6,1,1
2023-01-01,STORE_004,SKU_0022,Bakery,Bakery_Sub_3,13,5.65,73.51,0,0.0,0,34,Cloudy,14.5,6,1,1
2023-01-01,STORE_004,SKU_0023,Chilled,Chilled_Sub_4,17,14.76,250.95,0,0.0,0,34,Hot,17.0,6,1,1
2023-01-01,STORE_004,SKU_0024,Dairy,Dairy_Sub_5,21,11.27,236.66,0,0.0,0,63,Hot,10.1,6,1,1
2023-01-01,STORE_004,SKU_0025,Fruits,Fruits_Sub_1,30,9.45,283.51,0,0.0,0,39,Cold,19.6,6,1,1
2023-01-01,STORE_004,SKU_0026,Vegetables,Vegetables_Sub_2,24,12.62,302.89,0,0.0,0,58,Cold,24.3,6,1,1
2023-01-01,STORE_004,SKU_0027,Bakery,Bakery_Sub_3,10,3.77,37.73,0,0.0,0,34,Cloudy,15.7,6,1,1
2023-01-01,STORE_004,SKU_0028,Chilled,Chilled_Sub_4,23,7.27,167.16,0,0.0,0,32,Cloudy,20.1,6,1,1
2023-01-01,STORE_004,SKU_0029,Dairy,Dairy_Sub_5,29,12.49,362.18,0,0.0,0,64,Rainy,26.8,6,1,1
2023-01-01,STORE_004,SKU_0030,Fruits,Fruits_Sub_1,19,6.33,120.24,0,0.0,0,48,Sunny,29.8,6,1,1
2023-01-01,STORE_004,SKU_0031,Vegetables,Vegetables_Sub_2,30,14.65,439.45,0,0.0,0,48,Sunny,17.8,6,1,1
2023-01-01,STORE_004,SKU_0032,Bakery,Bakery_Sub_3,16,14.03,224.45,0,0.0,0,27,Cloudy,28.1,6,1,1
2023-01-01,STORE_004,SKU_0033,Chilled,Chilled_Sub_4,13,3.52,45.81,0,0.0,0,30,Cold,25.7,6,1,1
2023-01-01,STORE_004,SKU_0034,Dairy,Dairy_Sub_5,27,4.32,86.9,1,0.25,0,41,Cloudy,11.5,6,1,1
2023-01-01,STORE_004,SKU_0035,Fruits,Fruits_Sub_1,22,6.94,152.7,0,0.0,0,45,Sunny,24.3,6,1,1
2023-01-01,STORE_004,SKU_0036,Vegetables,Vegetables_Sub_2,32,2.73,87.3,0,0.0,0,50,Sunny,15.9,6,1,1
2023-01-01,STORE_004,SKU_0037,Bakery,Bakery_Sub_3,11,13.62,149.87,0,0.0,0,32,Hot,10.5,6,1,1
2023-01-01,STORE_004,SKU_0038,Chilled,Chilled_Sub_4,18,10.82,167.83,1,0.14,0,27,Rainy,19.6,6,1,1
2023-01-01,STORE_004,SKU_0039,Dairy,Dairy_Sub_5,25,13.53,338.37,0,0.0,0,60,Rainy,24.4,6,1,1
2023-01-01,STORE_004,SKU_0040,Fruits,Fruits_Sub_1,18,3.32,47.96,1,0.2,0,33,Hot,11.2,6,1,1
2023-01-01,STORE_004,SKU_0041,Vegetables,Vegetables_Sub_2,32,10.54,337.33,0,0.0,0,60,Sunny,18.4,6,1,1
2023-01-01,STORE_004,SKU_0042,Bakery,Bakery_Sub_3,10,10.01,100.06,0,0.0,0,16,Rainy,18.9,6,1,1
2023-01-01,STORE_004,SKU_0043,Chilled,Chilled_Sub_4,16,12.39,198.27,0,0.0,0,34,Cold,19.4,6,1,1
2023-01-01,STORE_004,SKU_0044,Dairy,Dairy_Sub_5,37,14.52,537.08,0,0.0,0,56,Cloudy,24.5,6,1,1
2023-01-01,STORE_004,SKU_0045,Fruits,Fruits_Sub_1,17,11.12,189.06,0,0.0,0,32,Sunny,13.6,6,1,1
2023-01-01,STORE_004,SKU_0046,Vegetables,Vegetables_Sub_2,23,11.01,253.21,0,0.0,0,48,Rainy,13.8,6,1,1
2023-01-01,STORE_004,SKU_0047,Bakery,Bakery_Sub_3,17,10.1,171.75,0,0.0,0,35,Cloudy,26.3,6,1,1
2023-01-01,STORE_004,SKU_0048,Chilled,Chilled_Sub_4,23,6.83,156.98,0,0.0,0,28,Cold,29.2,6,1,1
2023-01-01,STORE_004,SKU_0049,Dairy,Dairy_Sub_5,29,5.45,158.19,0,0.0,0,50,Cold,18.5,6,1,1
2023-01-01,STORE_004,SKU_0050,Fruits,Fruits_Sub_1,22,11.91,195.66,1,0.25,0,25,Hot,22.9,6,1,1
2023-01-01,STORE_005,SKU_0001,Vegetables,Vegetables_Sub_2,29,7.66,222.2,0,0.0,0,63,Rainy,23.5,6,1,1
2023-01-01,STORE_005,SKU_0002,Bakery,Bakery_Sub_3,16,13.89,222.23,0,0.0,0,26,Rainy,29.7,6,1,1
2023-01-01,STORE_005,SKU_0003,Chilled,Chilled_Sub_4,14,10.86,152.01,0,0.0,0,25,Cold,22.0,6,1,1
2023-01-01,STORE_005,SKU_0004,Dairy,Dairy_Sub_5,31,13.03,404.07,0,0.0,0,29,Cold,24.2,6,1,1
2023-01-01,STORE_005,SKU_0005,Fruits,Fruits_Sub_1,19,13.66,259.51,0,0.0,0,53,Rainy,13.3,6,1,1
2023-01-01,STORE_005,SKU_0006,Vegetables,Vegetables_Sub_2,22,9.78,215.19,0,0.0,0,49,Rainy,13.6,6,1,1
2023-01-01,STORE_005,SKU_0007,Bakery,Bakery_Sub_3,8,2.32,18.56,0,0.0,0,28,Cloudy,15.8,6,1,1
2023-01-01,STORE_005,SKU_0008,Chilled,Chilled_Sub_4,18,2.07,37.33,0,0.0,0,28,Rainy,17.0,6,1,1
2023-01-01,STORE_005,SKU_0009,Dairy,Dairy_Sub_5,21,8.14,134.44,1,0.21,0,46,Cloudy,20.5,6,1,1
2023-01-01,STORE_005,SKU_0010,Fruits,Fruits_Sub_1,17,12.86,218.58,0,0.0,0,41,Hot,17.7,6,1,1
2023-01-01,STORE_005,SKU_0011,Vegetables,Vegetables_Sub_2,24,3.81,91.45,0,0.0,0,42,Cloudy,28.1,6,1,1
2023-01-01,STORE_005,SKU_0012,Bakery,Bakery_Sub_3,12,4.64,49.74,1,0.11,0,19,Sunny,12.7,6,1,1
2023-01-01,STORE_005,SKU_0013,Chilled,Chilled_Sub_4,24,9.84,180.6,1,0.23,0,28,Rainy,28.8,6,1,1
2023-01-01,STORE_005,SKU_0014,Dairy,Dairy_Sub_5,20,7.66,153.26,0,0.0,0,47,Sunny,21.1,6,1,1
2023-01-01,STORE_005,SKU_0015,Fruits,Fruits_Sub_1,21,2.05,43.06,0,0.0,0,35,Cloudy,11.6,6,1,1
2023-01-01,STORE_005,SKU_0016,Vegetables,Vegetables_Sub_2,32,10.38,332.0,0,0.0,0,61,Rainy,17.8,6,1,1
2023-01-01,STORE_005,SKU_0017,Bakery,Bakery_Sub_3,13,4.59,59.61,0,0.0,0,26,Hot,23.4,6,1,1
2023-01-01,STORE_005,SKU_0018,Chilled,Chilled_Sub_4,13,11.75,152.73,0,0.0,0,28,Cold,22.2,6,1,1
2023-01-01,STORE_005,SKU_0019,Dairy,Dairy_Sub_5,17,13.66,232.21,0,0.0,0,56,Rainy,17.2,6,1,1
2023-01-01,STORE_005,SKU_0020,Fruits,Fruits_Sub_1,16,4.04,64.64,0,0.0,0,37,Cloudy,25.3,6,1,1
2023-01-01,STORE_005,SKU_0021,Vegetables,Vegetables_Sub_2,31,8.87,275.09,0,0.0,0,46,Cloudy,11.4,6,1,1
2023-01-01,STORE_005,SKU_0022,Bakery,Bakery_Sub_3,12,10.87,130.47,0,0.0,0,26,Sunny,16.2,6,1,1
2023-01-01,STORE_005,SKU_0023,Chilled,Chilled_Sub_4,19,9.56,145.58,1,0.2,0,32,Rainy,23.8,6,1,1
2023-01-01,STORE_005,SKU_0024,Dairy,Dairy_Sub_5,24,8.29,198.87,0,0.0,0,51,Sunny,13.8,6,1,1
2023-01-01,STORE_005,SKU_0025,Fruits,Fruits_Sub_1,20,5.18,103.62,0,0.0,0,44,Sunny,21.8,6,1,1
2023-01-01,STORE_005,SKU_0026,Vegetables,Vegetables_Sub_2,33,14.0,462.02,0,0.0,0,56,Rainy,22.8,6,1,1
2023-01-01,STORE_005,SKU_0027,Bakery,Bakery_Sub_3,13,5.96,77.45,0,0.0,0,22,Cold,10.6,6,1,1
2023-01-01,STORE_005,SKU_0028,Chilled,Chilled_Sub_4,9,3.85,34.64,0,0.0,0,33,Cold,26.3,6,1,1
2023-01-01,STORE_005,SKU_0029,Dairy,Dairy_Sub_5,28,14.07,393.96,0,0.0,0,58,Cold,27.9,6,1,1
2023-01-01,STORE_005,SKU_0030,Fruits,Fruits_Sub_1,22,14.96,329.03,0,0.0,0,43,Sunny,12.8,6,1,1
2023-01-01,STORE_005,SKU_0031,Vegetables,Vegetables_Sub_2,23,7.37,169.49,0,0.0,0,50,Rainy,20.6,6,1,1
2023-01-01,STORE_005,SKU_0032,Bakery,Bakery_Sub_3,9,3.95,35.56,0,0.0,0,27,Sunny,21.7,6,1,1
2023-01-01,STORE_005,SKU_0033,Chilled,Chilled_Sub_4,18,6.08,86.84,1,0.21,0,30,Cold,26.4,6,1,1
2023-01-01,STORE_005,SKU_0034,Dairy,Dairy_Sub_5,0,5.22,0.0,0,0.0,1,53,Cloudy,28.8,6,1,1
2023-01-01,STORE_005,SKU_0035,Fruits,Fruits_Sub_1,16,7.54,87.24,1,0.28,0,41,Cold,28.9,6,1,1
2023-01-01,STORE_005,SKU_0036,Vegetables,Vegetables_Sub_2,36,5.3,190.86,0,0.0,0,56,Sunny,27.0,6,1,1
2023-01-01,STORE_005,SKU_0037,Bakery,Bakery_Sub_3,9,9.53,64.47,1,0.25,0,25,Cold,22.8,6,1,1
2023-01-01,STORE_005,SKU_0038,Chilled,Chilled_Sub_4,26,10.29,267.58,0,0.0,0,35,Cloudy,20.6,6,1,1
2023-01-01,STORE_005,SKU_0039,Dairy,Dairy_Sub_5,23,14.45,332.37,0,0.0,0,58,Cold,11.5,6,1,1
2023-01-01,STORE_005,SKU_0040,Fruits,Fruits_Sub_1,15,9.11,136.58,0,0.0,0,34,Hot,14.5,6,1,1
2023-01-01,STORE_005,SKU_0041,Vegetables,Vegetables_Sub_2,0,6.9,0.0,0,0.0,1,61,Sunny,12.0,6,1,1
2023-01-01,STORE_005,SKU_0042,Bakery,Bakery_Sub_3,15,7.45,111.77,0,0.0,0,25,Hot,12.5,6,1,1
2023-01-01,STORE_005,SKU_0043,Chilled,Chilled_Sub_4,17,12.36,210.12,0,0.0,0,32,Cold,21.9,6,1,1
2023-01-01,STORE_005,SKU_0044,Dairy,Dairy_Sub_5,19,12.31,233.9,0,0.0,0,47,Cold,11.8,6,1,1
2023-01-01,STORE_005,SKU_0045,Fruits,Fruits_Sub_1,16,4.57,73.05,0,0.0,0,46,Hot,23.8,6,1,1
2023-01-01,STORE_005,SKU_0046,Vegetables,Vegetables_Sub_2,19,13.68,195.43,1,0.25,0,45,Cold,23.9,6,1,1
2023-01-01,STORE_005,SKU_0047,Bakery,Bakery_Sub_3,13,13.7,178.12,0,0.0,0,23,Rainy,17.3,6,1,1
2023-01-01,STORE_005,SKU_0048,Chilled,Chilled_Sub_4,15,10.9,163.48,0,0.0,0,40,Rainy,11.1,6,1,1
2023-01-01,STORE_005,SKU_0049,Dairy,Dairy_Sub_5,24,5.64,135.38,0,0.0,0,52,Cloudy,30.0,6,1,1
2023-01-01,STORE_005,SKU_0050,Fruits,Fruits_Sub_1,19,8.81,167.3,0,0.0,0,48,Cloudy,28.6,6,1,1
2023-01-01,STORE_006,SKU_0001,Vegetables,Vegetables_Sub_2,24,3.65,87.52,0,0.0,0,56,Cold,29.2,6,1,1
2023-01-01,STORE_006,SKU_0002,Bakery,Bakery_Sub_3,7,3.93,27.54,0,0.0,0,30,Cold,25.7,6,1,1
2023-01-01,STORE_006,SKU_0003,Chilled,Chilled_Sub_4,15,10.04,150.59,0,0.0,0,36,Cold,24.0,6,1,1
2023-01-01,STORE_006,SKU_0004,Dairy,Dairy_Sub_5,22,6.06,133.32,0,0.0,0,66,Sunny,20.1,6,1,1
2023-01-01,STORE_006,SKU_0005,Fruits,Fruits_Sub_1,20,11.83,236.52,0,0.0,0,42,Sunny,21.3,6,1,1
2023-01-01,STORE_006,SKU_0006,Vegetables,Vegetables_Sub_2,0,12.86,0.0,0,0.0,1,61,Cloudy,23.9,6,1,1
2023-01-01,STORE_006,SKU_0007,Bakery,Bakery_Sub_3,14,8.77,122.76,0,0.0,0,26,Rainy,25.8,6,1,1
2023-01-01,STORE_006,SKU_0008,Chilled,Chilled_Sub_4,23,4.82,110.81,0,0.0,0,34,Cloudy,26.6,6,1,1
2023-01-01,STORE_006,SKU_0009,Dairy,Dairy_Sub_5,25,6.1,152.59,0,0.0,0,50,Cloudy,11.2,6,1,1
2023-01-01,STORE_006,SKU_0010,Fruits,Fruits_Sub_1,19,12.09,229.69,0,0.0,0,42,Cold,17.3,6,1,1
2023-01-01,STORE_006,SKU_0011,Vegetables,Vegetables_Sub_2,26,13.42,348.85,0,0.0,0,62,Cold,25.7,6,1,1
2023-01-01,STORE_006,SKU_0012,Bakery,Bakery_Sub_3,12,11.91,142.87,0,0.0,0,28,Sunny,23.0,6,1,1
2023-01-01,STORE_006,SKU_0013,Chilled,Chilled_Sub_4,17,12.69,215.66,0,0.0,0,43,Sunny,17.6,6,1,1
2023-01-01,STORE_006,SKU_0014,Dairy,Dairy_Sub_5,31,2.17,67.41,0,0.0,0,59,Cold,24.5,6,1,1
2023-01-01,STORE_006,SKU_0015,Fruits,Fruits_Sub_1,16,13.84,221.48,0,0.0,0,40,Rainy,17.6,6,1,1
2023-01-01,STORE_006,SKU_0016,Vegetables,Vegetables_Sub_2,35,6.08,212.9,0,0.0,0,57,Cold,20.3,6,1,1
2023-01-01,STORE_006,SKU_0017,Bakery,Bakery_Sub_3,13,13.76,178.94,0,0.0,0,26,Hot,26.3,6,1,1
2023-01-01,STORE_006,SKU_0018,Chilled,Chilled_Sub_4,20,2.13,42.55,0,0.0,0,34,Cold,15.0,6,1,1
2023-01-01,STORE_006,SKU_0019,Dairy,Dairy_Sub_5,20,3.39,67.75,0,0.0,0,56,Hot,26.6,6,1,1
2023-01-01,STORE_006,SKU_0020,Fruits,Fruits_Sub_1,28,5.54,155.01,0,0.0,0,47,Hot,11.8,6,1,1
2023-01-01,STORE_006,SKU_0021,Vegetables,Vegetables_Sub_2,0,3.38,0.0,0,0.0,1,53,Rainy,23.4,6,1,1
2023-01-01,STORE_006,SKU_0022,Bakery,Bakery_Sub_3,12,12.92,155.1,0,0.0,0,31,Hot,12.5,6,1,1
2023-01-01,STORE_006,SKU_0023,Chilled,Chilled_Sub_4,18,2.82,41.05,1,0.19,0,36,Hot,23.7,6,1,1
2023-01-01,STORE_006,SKU_0024,Dairy,Dairy_Sub_5,32,10.17,325.57,0,0.0,0,57,Sunny,26.5,6,1,1
2023-01-01,STORE_006,SKU_0025,Fruits,Fruits_Sub_1,18,6.99,125.86,0,0.0,0,55,Cloudy,13.8,6,1,1
2023-01-01,STORE_006,SKU_0026,Vegetables,Vegetables_Sub_2,22,13.49,296.71,0,0.0,0,43,Rainy,15.6,6,1,1
2023-01-01,STORE_006,SKU_0027,Bakery,Bakery_Sub_3,9,10.16,91.43,0,0.0,0,35,Rainy,17.0,6,1,1
2023-01-01,STORE_006,SKU_0028,Chilled,Chilled_Sub_4,18,4.49,80.74,0,0.0,0,28,Cold,11.2,6,1,1
2023-01-01,STORE_006,SKU_0029,Dairy,Dairy_Sub_5,18,6.05,108.98,0,0.0,0,53,Cloudy,19.2,6,1,1
2023-01-01,STORE_006,SKU_0030,Fruits,Fruits_Sub_1,17,2.89,49.11,0,0.0,0,39,Hot,11.8,6,1,1
2023-01-01,STORE_006,SKU_0031,Vegetables,Vegetables_Sub_2,28,10.06,231.54,1,0.18,0,48,Rainy,28.3,6,1,1
2023-01-01,STORE_006,SKU_0032,Bakery,Bakery_Sub_3,13,3.53,45.94,0,0.0,0,37,Rainy,26.9,6,1,1
2023-01-01,STORE_006,SKU_0033,Chilled,Chilled_Sub_4,13,10.65,138.41,0,0.0,0,30,Rainy,19.4,6,1,1
2023-01-01,STORE_006,SKU_0034,Dairy,Dairy_Sub_5,22,13.18,289.94,0,0.0,0,62,Rainy,23.4,6,1,1
2023-01-01,STORE_006,SKU_0035,Fruits,Fruits_Sub_1,26,8.14,211.55,0,0.0,0,39,Cold,20.5,6,1,1
2023-01-01,STORE_006,SKU_0036,Vegetables,Vegetables_Sub_2,33,7.1,234.37,0,0.0,0,52,Rainy,15.4,6,1,1
2023-01-01,STORE_006,SKU_0037,Bakery,Bakery_Sub_3,20,5.15,103.02,0,0.0,0,21,Cloudy,27.4,6,1,1
2023-01-01,STORE_006,SKU_0038,Chilled,Chilled_Sub_4,15,6.33,94.97,0,0.0,0,34,Cloudy,11.9,6,1,1
2023-01-01,STORE_006,SKU_0039,Dairy,Dairy_Sub_5,21,10.36,217.62,0,0.0,0,53,Cold,19.6,6,1,1
2023-01-01,STORE_006,SKU_0040,Fruits,Fruits_Sub_1,21,2.31,48.57,0,0.0,0,37,Cloudy,15.1,6,1,1
2023-01-01,STORE_006,SKU_0041,Vegetables,Vegetables_Sub_2,30,7.97,239.03,0,0.0,0,49,Cloudy,13.0,6,1,1
2023-01-01,STORE_006,SKU_0042,Bakery,Bakery_Sub_3,9,13.51,121.58,0,0.0,0,32,Hot,14.3,6,1,1
2023-01-01,STORE_006,SKU_0043,Chilled,Chilled_Sub_4,20,14.4,288.06,0,0.0,0,24,Cold,17.5,6,1,1
2023-01-01,STORE_006,SKU_0044,Dairy,Dairy_Sub_5,18,10.29,185.18,0,0.0,0,42,Cold,29.0,6,1,1
2023-01-01,STORE_006,SKU_0045,Fruits,Fruits_Sub_1,21,12.39,260.23,0,0.0,0,33,Cloudy,16.3,6,1,1
2023-01-01,STORE_006,SKU_0046,Vegetables,Vegetables_Sub_2,27,9.58,258.78,0,0.0,0,62,Hot,23.9,6,1,1
2023-01-01,STORE_006,SKU_0047,Bakery,Bakery_Sub_3,16,14.39,230.21,0,0.0,0,27,Sunny,28.8,6,1,1
2023-01-01,STORE_006,SKU_0048,Chilled,Chilled_Sub_4,19,7.05,133.97,0,0.0,0,35,Cold,16.9,6,1,1
2023-01-01,STORE_006,SKU_0049,Dairy,Dairy_Sub_5,34,5.6,190.41,0,0.0,0,47,Sunny,14.6,6,1,1
2023-01-01,STORE_006,SKU_0050,Fruits,Fruits_Sub_1,15,12.23,183.5,0,0.0,0,38,Rainy,14.4,6,1,1
2023-01-01,STORE_007,SKU_0001,Vegetables,Vegetables_Sub_2,45,6.33,285.03,0,0.0,0,58,Sunny,20.8,6,1,1
2023-01-01,STORE_007,SKU_0002,Bakery,Bakery_Sub_3,17,12.29,208.86,0,0.0,0,27,Hot,29.8,6,1,1
2023-01-01,STORE_007,SKU_0003,Chilled,Chilled_Sub_4,5,9.69,34.35,1,0.29,0,29,Sunny,17.4,6,1,1
2023-01-01,STORE_007,SKU_0004,Dairy,Dairy_Sub_5,34,12.86,437.34,0,0.0,0,48,Rainy,27.8,6,1,1
2023-01-01,STORE_007,SKU_0005,Fruits,Fruits_Sub_1,22,8.5,187.01,0,0.0,0,38,Sunny,13.0,6,1,1
2023-01-01,STORE_007,SKU_0006,Vegetables,Vegetables_Sub_2,0,10.61,0.0,0,0.0,1,55,Sunny,16.8,6,1,1
2023-01-01,STORE_007,SKU_0007,Bakery,Bakery_Sub_3,0,9.26,0.0,0,0.0,1,17,Cloudy,18.4,6,1,1
2023-01-01,STORE_007,SKU_0008,Chilled,Chilled_Sub_4,23,4.57,105.0,0,0.0,0,28,Rainy,13.2,6,1,1
2023-01-01,STORE_007,SKU_0009,Dairy,Dairy_Sub_5,0,7.17,0.0,1,0.16,1,59,Hot,21.2,6,1,1
2023-01-01,STORE_007,SKU_0010,Fruits,Fruits_Sub_1,20,3.4,68.08,0,0.0,0,41,Sunny,23.7,6,1,1
2023-01-01,STORE_007,SKU_0011,Vegetables,Vegetables_Sub_2,18,12.68,228.22,0,0.0,0,58,Rainy,17.8,6,1,1
2023-01-01,STORE_007,SKU_0012,Bakery,Bakery_Sub_3,19,10.35,196.63,0,0.0,0,29,Cold,17.8,6,1,1
2023-01-01,STORE_007,SKU_0013,Chilled,Chilled_Sub_4,21,3.71,78.01,0,0.0,0,30,Cloudy,23.1,6,1,1
2023-01-01,STORE_007,SKU_0014,Dairy,Dairy_Sub_5,29,2.12,61.41,0,0.0,0,45,Sunny,18.3,6,1,1
2023-01-01,STORE_007,SKU_0015,Fruits,Fruits_Sub_1,20,13.73,226.81,1,0.17,0,35,Sunny,12.6,6,1,1
2023-01-01,STORE_007,SKU_0016,Vegetables,Vegetables_Sub_2,18,6.93,124.73,0,0.0,0,60,Rainy,23.6,6,1,1
2023-01-01,STORE_007,SKU_0017,Bakery,Bakery_Sub_3,14,12.26,171.6,0,0.0,0,22,Cold,19.9,6,1,1
2023-01-01,STORE_007,SKU_0018,Chilled,Chilled_Sub_4,12,5.22,62.6,0,0.0,0,33,Sunny,21.2,6,1,1
2023-01-01,STORE_007,SKU_0019,Dairy,Dairy_Sub_5,31,6.16,190.99,0,0.0,0,55,Rainy,18.2,6,1,1
2023-01-01,STORE_007,SKU_0020,Fruits,Fruits_Sub_1,22,11.49,252.72,0,0.0,0,32,Cloudy,25.7,6,1,1
2023-01-01,STORE_007,SKU_0021,Vegetables,Vegetables_Sub_2,32,3.3,105.72,0,0.0,0,59,Hot,28.4,6,1,1
2023-01-01,STORE_007,SKU_0022,Bakery,Bakery_Sub_3,6,5.75,34.48,0,0.0,0,26,Rainy,25.8,6,1,1
2023-01-01,STORE_007,SKU_0023,Chilled,Chilled_Sub_4,20,10.83,216.61,0,0.0,0,37,Hot,12.9,6,1,1
2023-01-01,STORE_007,SKU_0024,Dairy,Dairy_Sub_5,20,8.33,166.54,0,0.0,0,65,Sunny,19.4,6,1,1
2023-01-01,STORE_007,SKU_0025,Fruits,Fruits_Sub_1,24,7.45,178.87,0,0.0,0,45,Hot,29.8,6,1,1
2023-01-01,STORE_007,SKU_0026,Vegetables,Vegetables_Sub_2,35,10.98,384.24,0,0.0,0,55,Cold,22.2,6,1,1
2023-01-01,STORE_007,SKU_0027,Bakery,Bakery_Sub_3,12,8.05,96.64,0,0.0,0,29,Hot,14.8,6,1,1
2023-01-01,STORE_007,SKU_0028,Chilled,Chilled_Sub_4,9,11.94,107.43,0,0.0,0,22,Sunny,19.8,6,1,1
2023-01-01,STORE_007,SKU_0029,Dairy,Dairy_Sub_5,25,10.75,268.87,0,0.0,0,62,Rainy,12.0,6,1,1
2023-01-01,STORE_007,SKU_0030,Fruits,Fruits_Sub_1,18,14.87,267.72,0,0.0,0,43,Rainy,15.8,6,1,1
2023-01-01,STORE_007,SKU_0031,Vegetables,Vegetables_Sub_2,27,3.57,96.45,0,0.0,0,58,Rainy,26.0,6,1,1
2023-01-01,STORE_007,SKU_0032,Bakery,Bakery_Sub_3,22,3.41,75.06,0,0.0,0,37,Cloudy,29.7,6,1,1
2023-01-01,STORE_007,SKU_0033,Chilled,Chilled_Sub_4,11,10.18,112.03,0,0.0,0,32,Sunny,11.4,6,1,1
2023-01-01,STORE_007,SKU_0034,Dairy,Dairy_Sub_5,0,12.91,0.0,1,0.17,1,44,Hot,18.3,6,1,1
2023-01-01,STORE_007,SKU_0035,Fruits,Fruits_Sub_1,14,10.86,152.03,0,0.0,0,38,Sunny,13.3,6,1,1
2023-01-01,STORE_007,SKU_0036,Vegetables,Vegetables_Sub_2,25,13.36,334.01,0,0.0,0,59,Rainy,12.2,6,1,1
2023-01-01,STORE_007,SKU_0037,Bakery,Bakery_Sub_3,10,11.09,110.93,0,0.0,0,27,Hot,25.0,6,1,1
2023-01-01,STORE_007,SKU_0038,Chilled,Chilled_Sub_4,10,13.77,137.71,0,0.0,0,34,Hot,17.3,6,1,1
2023-01-01,STORE_007,SKU_0039,Dairy,Dairy_Sub_5,23,11.28,259.43,0,0.0,0,50,Cold,20.6,6,1,1
2023-01-01,STORE_007,SKU_0040,Fruits,Fruits_Sub_1,24,5.57,133.63,0,0.0,0,46,Rainy,20.2,6,1,1
2023-01-01,STORE_007,SKU_0041,Vegetables,Vegetables_Sub_2,27,6.59,177.8,0,0.0,0,62,Cold,27.6,6,1,1
2023-01-01,STORE_007,SKU_0042,Bakery,Bakery_Sub_3,10,4.6,46.04,0,0.0,0,37,Cold,27.6,6,1,1
2023-01-01,STORE_007,SKU_0043,Chilled,Chilled_Sub_4,23,7.97,183.21,0,0.0,0,27,Hot,14.2,6,1,1
2023-01-01,STORE_007,SKU_0044,Dairy,Dairy_Sub_5,24,8.58,205.9,0,0.0,0,42,Sunny,21.8,6,1,1
2023-01-01,STORE_007,SKU_0045,Fruits,Fruits_Sub_1,13,12.97,168.58,0,0.0,0,40,Rainy,10.1,6,1,1
2023-01-01,STORE_007,SKU_0046,Vegetables,Vegetables_Sub_2,22,12.54,275.81,0,0.0,0,58,Sunny,28.8,6,1,1
2023-01-01,STORE_007,SKU_0047,Bakery,Bakery_Sub_3,13,9.84,103.67,1,0.19,0,25,Cold,17.4,6,1,1
2023-01-01,STORE_007,SKU_0048,Chilled,Chilled_Sub_4,19,10.87,206.57,0,0.0,0,44,Sunny,12.7,6,1,1
2023-01-01,STORE_007,SKU_0049,Dairy,Dairy_Sub_5,16,7.19,115.0,0,0.0,0,36,Cloudy,11.4,6,1,1
2023-01-01,STORE_007,SKU_0050,Fruits,Fruits_Sub_1,28,10.39,291.04,0,0.0,0,47,Cold,10.1,6,1,1
2023-01-01,STORE_008,SKU_0001,Vegetables,Vegetables_Sub_2,22,3.7,81.5,0,0.0,0,40,Hot,26.7,6,1,1
2023-01-01,STORE_008,SKU_0002,Bakery,Bakery_Sub_3,0,11.13,0.0,1,0.16,1,28,Cloudy,20.0,6,1,1
2023-01-01,STORE_008,SKU_0003,Chilled,Chilled_Sub_4,13,9.48,123.26,0,0.0,0,40,Cold,27.3,6,1,1
2023-01-01,STORE_008,SKU_0004,Dairy,Dairy_Sub_5,21,4.69,98.59,0,0.0,0,52,Sunny,27.2,6,1,1
2023-01-01,STORE_008,SKU_0005,Fruits,Fruits_Sub_1,20,10.29,176.05,1,0.14,0,40,Rainy,14.5,6,1,1
2023-01-01,STORE_008,SKU_0006,Vegetables,Vegetables_Sub_2,32,9.23,295.24,0,0.0,0,54,Hot,15.1,6,1,1
2023-01-01,STORE_008,SKU_0007,Bakery,Bakery_Sub_3,18,4.61,83.0,0,0.0,0,27,Cloudy,16.4,6,1,1
2023-01-01,STORE_008,SKU_0008,Chilled,Chilled_Sub_4,18,5.67,74.71,1,0.27,0,36,Sunny,23.0,6,1,1
2023-01-01,STORE_008,SKU_0009,Dairy,Dairy_Sub_5,20,9.3,186.09,0,0.0,0,59,Hot,13.8,6,1,1
2023-01-01,STORE_008,SKU_0010,Fruits,Fruits_Sub_1,15,14.15,212.24,0,0.0,0,37,Sunny,14.3,6,1,1
2023-01-01,STORE_008,SKU_0011,Vegetables,Vegetables_Sub_2,26,12.1,314.59,0,0.0,0,40,Cloudy,20.2,6,1,1
2023-01-01,STORE_008,SKU_0012,Bakery,Bakery_Sub_3,14,2.37,33.13,0,0.0,0,31,Rainy,11.4,6,1,1
2023-01-01,STORE_008,SKU_0013,Chilled,Chilled_Sub_4,24,8.05,193.25,0,0.0,0,40,Cold,16.1,6,1,1
2023-01-01,STORE_008,SKU_0014,Dairy,Dairy_Sub_5,30,13.23,307.8,1,0.22,0,51,Rainy,15.8,6,1,1
2023-01-01,STORE_008,SKU_0015,Fruits,Fruits_Sub_1,25,8.7,163.84,1,0.25,0,37,Cloudy,25.2,6,1,1
2023-01-01,STORE_008,SKU_0016,Vegetables,Vegetables_Sub_2,26,6.02,156.48,0,0.0,0,60,Hot,11.3,6,1,1
2023-01-01,STORE_008,SKU_0017,Bakery,Bakery_Sub_3,11,4.64,51.0,0,0.0,0,33,Cold,13.3,6,1,1
2023-01-01,STORE_008,SKU_0018,Chilled,Chilled_Sub_4,0,4.55,0.0,0,0.0,1,32,Cold,19.8,6,1,1
2023-01-01,STORE_008,SKU_0019,Dairy,Dairy_Sub_5,25,8.92,223.12,0,0.0,0,50,Hot,21.7,6,1,1
2023-01-01,STORE_008,SKU_0020,Fruits,Fruits_Sub_1,17,12.86,218.63,0,0.0,0,37,Cloudy,12.8,6,1,1
2023-01-01,STORE_008,SKU_0021,Vegetables,Vegetables_Sub_2,28,10.5,294.13,0,0.0,0,65,Rainy,28.7,6,1,1
2023-01-01,STORE_008,SKU_0022,Bakery,Bakery_Sub_3,12,7.64,70.43,1,0.23,0,25,Cloudy,27.3,6,1,1
2023-01-01,STORE_008,SKU_0023,Chilled,Chilled_Sub_4,18,3.42,61.5,0,0.0,0,37,Cold,14.6,6,1,1
2023-01-01,STORE_008,SKU_0024,Dairy,Dairy_Sub_5,22,7.63,167.93,0,0.0,0,44,Hot,17.0,6,1,1
2023-01-01,STORE_008,SKU_0025,Fruits,Fruits_Sub_1,21,9.0,189.05,0,0.0,0,43,Sunny,29.1,6,1,1
2023-01-01,STORE_008,SKU_0026,Vegetables,Vegetables_Sub_2,31,14.37,445.39,0,0.0,0,38,Cloudy,24.9,6,1,1
2023-01-01,STORE_008,SKU_0027,Bakery,Bakery_Sub_3,14,14.73,206.23,0,0.0,0,26,Hot,11.9,6,1,1
2023-01-01,STORE_008,SKU_0028,Chilled,Chilled_Sub_4,23,6.71,114.81,1,0.26,0,37,Hot,15.9,6,1,1
2023-01-01,STORE_008,SKU_0029,Dairy,Dairy_Sub_5,30,11.81,354.45,0,0.0,0,55,Cold,17.2,6,1,1
2023-01-01,STORE_008,SKU_0030,Fruits,Fruits_Sub_1,18,4.09,73.6,0,0.0,0,58,Sunny,11.5,6,1,1
2023-01-01,STORE_008,SKU_0031,Vegetables,Vegetables_Sub_2,23,14.89,342.49,0,0.0,0,54,Cold,12.9,6,1,1
2023-01-01,STORE_008,SKU_0032,Bakery,Bakery_Sub_3,22,3.9,85.8,0,0.0,0,18,Sunny,15.6,6,1,1
2023-01-01,STORE_008,SKU_0033,Chilled,Chilled_Sub_4,16,14.67,234.7,0,0.0,0,29,Sunny,17.0,6,1,1
2023-01-01,STORE_008,SKU_0034,Dairy,Dairy_Sub_5,23,10.5,241.47,0,0.0,0,41,Cold,23.0,6,1,1
2023-01-01,STORE_008,SKU_0035,Fruits,Fruits_Sub_1,17,8.52,144.78,0,0.0,0,41,Cold,22.2,6,1,1
2023-01-01,STORE_008,SKU_0036,Vegetables,Vegetables_Sub_2,38,2.4,91.15,0,0.0,0,65,Rainy,29.8,6,1,1
2023-01-01,STORE_008,SKU_0037,Bakery,Bakery_Sub_3,12,6.44,77.24,0,0.0,0,31,Sunny,26.2,6,1,1
2023-01-01,STORE_008,SKU_0038,Chilled,Chilled_Sub_4,12,3.0,36.03,0,0.0,0,27,Cold,22.8,6,1,1
2023-01-01,STORE_008,SKU_0039,Dairy,Dairy_Sub_5,24,14.87,356.77,0,0.0,0,50,Cloudy,10.5,6,1,1
2023-01-01,STORE_008,SKU_0040,Fruits,Fruits_Sub_1,22,14.5,318.94,0,0.0,0,39,Hot,18.9,6,1,1
2023-01-01,STORE_008,SKU_0041,Vegetables,Vegetables_Sub_2,26,4.59,119.42,0,0.0,0,69,Rainy,24.4,6,1,1
2023-01-01,STORE_008,SKU_0042,Bakery,Bakery_Sub_3,10,10.16,101.62,0,0.0,0,29,Sunny,14.4,6,1,1
2023-01-01,STORE_008,SKU_0043,Chilled,Chilled_Sub_4,11,13.55,149.09,0,0.0,0,34,Cloudy,11.0,6,1,1
2023-01-01,STORE_008,SKU_0044,Dairy,Dairy_Sub_5,22,11.78,259.19,0,0.0,0,47,Sunny,18.6,6,1,1
2023-01-01,STORE_008,SKU_0045,Fruits,Fruits_Sub_1,23,8.38,192.72,0,0.0,0,52,Hot,27.5,6,1,1
2023-01-01,STORE_008,SKU_0046,Vegetables,Vegetables_Sub_2,0,7.62,0.0,1,0.25,1,76,Rainy,27.8,6,1,1
2023-01-01,STORE_008,SKU_0047,Bakery,Bakery_Sub_3,14,14.07,197.0,0,0.0,0,19,Cloudy,29.1,6,1,1
2023-01-01,STORE_008,SKU_0048,Chilled,Chilled_Sub_4,18,4.33,77.99,0,0.0,0,49,Rainy,15.8,6,1,1
2023-01-01,STORE_008,SKU_0049,Dairy,Dairy_Sub_5,24,3.65,87.51,0,0.0,0,49,Hot,27.5,6,1,1
2023-01-01,STORE_008,SKU_0050,Fruits,Fruits_Sub_1,26,5.56,144.68,0,0.0,0,46,Cloudy,12.5,6,1,1
2023-01-01,STORE_009,SKU_0001,Vegetables,Vegetables_Sub_2,23,5.08,116.77,0,0.0,0,63,Rainy,27.0,6,1,1
2023-01-01,STORE_009,SKU_0002,Bakery,Bakery_Sub_3,15,9.76,146.35,0,0.0,0,35,Cold,18.6,6,1,1
2023-01-01,STORE_009,SKU_0003,Chilled,Chilled_Sub_4,26,6.86,178.32,0,0.0,0,36,Cloudy,17.5,6,1,1
2023-01-01,STORE_009,SKU_0004,Dairy,Dairy_Sub_5,28,12.93,362.06,0,0.0,0,39,Hot,16.0,6,1,1
2023-01-01,STORE_009,SKU_0005,Fruits,Fruits_Sub_1,24,8.58,205.89,0,0.0,0,42,Cold,13.3,6,1,1
2023-01-01,STORE_009,SKU_0006,Vegetables,Vegetables_Sub_2,31,9.84,304.91,0,0.0,0,65,Cloudy,22.8,6,1,1
2023-01-01,STORE_009,SKU_0007,Bakery,Bakery_Sub_3,11,14.91,164.03,0,0.0,0,30,Sunny,13.6,6,1,1
2023-01-01,STORE_009,SKU_0008,Chilled,Chilled_Sub_4,19,9.64,183.13,0,0.0,0,39,Sunny,19.4,6,1,1
2023-01-01,STORE_009,SKU_0009,Dairy,Dairy_Sub_5,21,8.1,170.2,0,0.0,0,55,Rainy,27.9,6,1,1
2023-01-01,STORE_009,SKU_0010,Fruits,Fruits_Sub_1,28,6.62,185.27,0,0.0,0,36,Sunny,21.2,6,1,1
2023-01-01,STORE_009,SKU_0011,Vegetables,Vegetables_Sub_2,26,14.9,387.32,0,0.0,0,63,Sunny,17.5,6,1,1
2023-01-01,STORE_009,SKU_0012,Bakery,Bakery_Sub_3,9,5.12,46.06,0,0.0,0,29,Cloudy,24.7,6,1,1
2023-01-01,STORE_009,SKU_0013,Chilled,Chilled_Sub_4,21,4.64,97.41,0,0.0,0,31,Sunny,17.6,6,1,1
2023-01-01,STORE_009,SKU_0014,Dairy,Dairy_Sub_5,26,11.39,296.19,0,0.0,0,54,Sunny,22.3,6,1,1
2023-01-01,STORE_009,SKU_0015,Fruits,Fruits_Sub_1,14,7.52,105.32,0,0.0,0,43,Cold,23.6,6,1,1
2023-01-01,STORE_009,SKU_0016,Vegetables,Vegetables_Sub_2,21,14.47,303.89,0,0.0,0,59,Cloudy,15.7,6,1,1
2023-01-01,STORE_009,SKU_0017,Bakery,Bakery_Sub_3,10,12.84,128.38,0,0.0,0,32,Hot,26.9,6,1,1
2023-01-01,STORE_009,SKU_0018,Chilled,Chilled_Sub_4,23,11.06,254.48,0,0.0,0,31,Hot,21.2,6,1,1
2023-01-01,STORE_009,SKU_0019,Dairy,Dairy_Sub_5,22,14.86,326.84,0,0.0,0,42,Hot,16.5,6,1,1
2023-01-01,STORE_009,SKU_0020,Fruits,Fruits_Sub_1,27,4.48,120.85,0,0.0,0,41,Cloudy,11.1,6,1,1
2023-01-01,STORE_009,SKU_0021,Vegetables,Vegetables_Sub_2,29,7.89,228.81,0,0.0,0,36,Cold,10.1,6,1,1
2023-01-01,STORE_009,SKU_0022,Bakery,Bakery_Sub_3,18,11.9,214.14,0,0.0,0,41,Cold,27.0,6,1,1
2023-01-01,STORE_009,SKU_0023,Chilled,Chilled_Sub_4,11,10.55,116.01,0,0.0,0,33,Rainy,23.4,6,1,1
2023-01-01,STORE_009,SKU_0024,Dairy,Dairy_Sub_5,31,3.84,118.93,0,0.0,0,44,Cold,23.0,6,1,1
2023-01-01,STORE_009,SKU_0025,Fruits,Fruits_Sub_1,0,7.04,0.0,0,0.0,1,44,Hot,11.8,6,1,1
2023-01-01,STORE_009,SKU_0026,Vegetables,Vegetables_Sub_2,34,3.61,122.7,0,0.0,0,57,Sunny,16.8,6,1,1
2023-01-01,STORE_009,SKU_0027,Bakery,Bakery_Sub_3,10,5.62,56.16,0,0.0,0,23,Rainy,22.9,6,1,1
2023-01-01,STORE_009,SKU_0028,Chilled,Chilled_Sub_4,15,10.76,161.4,0,0.0,0,33,Hot,29.6,6,1,1
2023-01-01,STORE_009,SKU_0029,Dairy,Dairy_Sub_5,27,4.33,116.92,0,0.0,0,43,Sunny,17.6,6,1,1
2023-01-01,STORE_009,SKU_0030,Fruits,Fruits_Sub_1,28,3.48,84.35,1,0.13,0,51,Cold,19.5,6,1,1
2023-01-01,STORE_009,SKU_0031,Vegetables,Vegetables_Sub_2,26,12.93,336.26,0,0.0,0,75,Rainy,28.2,6,1,1
2023-01-01,STORE_009,SKU_0032,Bakery,Bakery_Sub_3,9,8.51,76.59,0,0.0,0,35,Cloudy,24.3,6,1,1
2023-01-01,STORE_009,SKU_0033,Chilled,Chilled_Sub_4,15,3.47,52.09,0,0.0,0,28,Cold,13.0,6,1,1
2023-01-01,STORE_009,SKU_0034,Dairy,Dairy_Sub_5,24,6.67,160.18,0,0.0,0,51,Cloudy,18.9,6,1,1
2023-01-01,STORE_009,SKU_0035,Fruits,Fruits_Sub_1,18,6.83,122.93,0,0.0,0,44,Rainy,27.2,6,1,1
2023-01-01,STORE_009,SKU_0036,Vegetables,Vegetables_Sub_2,20,12.86,257.12,0,0.0,0,57,Cold,18.0,6,1,1
2023-01-01,STORE_009,SKU_0037,Bakery,Bakery_Sub_3,19,6.41,121.82,0,0.0,0,25,Cold,29.2,6,1,1
2023-01-01,STORE_009,SKU_0038,Chilled,Chilled_Sub_4,25,4.86,121.4,0,0.0,0,31,Hot,13.7,6,1,1
2023-01-01,STORE_009,SKU_0039,Dairy,Dairy_Sub_5,28,9.49,265.6,0,0.0,0,45,Cold,19.5,6,1,1
2023-01-01,STORE_009,SKU_0040,Fruits,Fruits_Sub_1,20,6.29,125.78,0,0.0,0,36,Sunny,10.7,6,1,1
2023-01-01,STORE_009,SKU_0041,Vegetables,Vegetables_Sub_2,33,8.8,290.44,0,0.0,0,49,Hot,28.6,6,1,1
2023-01-01,STORE_009,SKU_0042,Bakery,Bakery_Sub_3,11,13.73,151.01,0,0.0,0,24,Cloudy,20.3,6,1,1
2023-01-01,STORE_009,SKU_0043,Chilled,Chilled_Sub_4,17,6.34,107.73,0,0.0,0,25,Sunny,10.6,6,1,1
2023-01-01,STORE_009,SKU_0044,Dairy,Dairy_Sub_5,20,9.67,193.44,0,0.0,0,49,Sunny,24.3,6,1,1
2023-01-01,STORE_009,SKU_0045,Fruits,Fruits_Sub_1,21,10.9,228.83,0,0.0,0,41,Sunny,27.6,6,1,1
2023-01-01,STORE_009,SKU_0046,Vegetables,Vegetables_Sub_2,23,5.48,101.92,1,0.19,0,53,Rainy,18.8,6,1,1
2023-01-01,STORE_009,SKU_0047,Bakery,Bakery_Sub_3,10,9.16,91.64,0,0.0,0,40,Cold,18.6,6,1,1
2023-01-01,STORE_009,SKU_0048,Chilled,Chilled_Sub_4,15,10.12,151.79,0,0.0,0,31,Cold,16.0,6,1,1
2023-01-01,STORE_009,SKU_0049,Dairy,Dairy_Sub_5,15,9.35,140.25,0,0.0,0,52,Cloudy,25.9,6,1,1
2023-01-01,STORE_009,SKU_0050,Fruits,Fruits_Sub_1,13,5.47,71.06,0,0.0,0,42,Rainy,18.1,6,1,1
2023-01-01,STORE_010,SKU_0001,Vegetables,Vegetables_Sub_2,21,3.89,81.68,0,0.0,0,60,Hot,12.6,6,1,1
2023-01-01,STORE_010,SKU_0002,Bakery,Bakery_Sub_3,22,12.32,271.03,0,0.0,0,21,Rainy,25.9,6,1,1
2023-01-01,STORE_010,SKU_0003,Chilled,Chilled_Sub_4,15,3.44,51.6,0,0.0,0,23,Cloudy,29.2,6,1,1
2023-01-01,STORE_010,SKU_0004,Dairy,Dairy_Sub_5,26,10.74,279.36,0,0.0,0,56,Cloudy,27.3,6,1,1
2023-01-01,STORE_010,SKU_0005,Fruits,Fruits_Sub_1,26,6.59,171.33,0,0.0,0,28,Cold,10.7,6,1,1
2023-01-01,STORE_010,SKU_0006,Vegetables,Vegetables_Sub_2,0,12.64,0.0,0,0.0,1,61,Cloudy,25.9,6,1,1
2023-01-01,STORE_010,SKU_0007,Bakery,Bakery_Sub_3,11,2.79,30.69,0,0.0,0,30,Cold,29.1,6,1,1
2023-01-01,STORE_010,SKU_0008,Chilled,Chilled_Sub_4,16,13.75,220.06,0,0.0,0,40,Cold,28.4,6,1,1
2023-01-01,STORE_010,SKU_0009,Dairy,Dairy_Sub_5,25,4.46,93.51,1,0.16,0,43,Sunny,11.3,6,1,1
2023-01-01,STORE_010,SKU_0010,Fruits,Fruits_Sub_1,0,8.67,0.0,0,0.0,1,42,Hot,10.9,6,1,1
2023-01-01,STORE_010,SKU_0011,Vegetables,Vegetables_Sub_2,21,11.3,237.28,0,0.0,0,59,Hot,14.4,6,1,1
2023-01-01,STORE_010,SKU_0012,Bakery,Bakery_Sub_3,9,2.74,24.67,0,0.0,0,19,Cold,11.1,6,1,1
2023-01-01,STORE_010,SKU_0013,Chilled,Chilled_Sub_4,18,3.73,67.15,0,0.0,0,32,Rainy,15.4,6,1,1
2023-01-01,STORE_010,SKU_0014,Dairy,Dairy_Sub_5,27,9.7,262.01,0,0.0,0,51,Cloudy,25.8,6,1,1
2023-01-01,STORE_010,SKU_0015,Fruits,Fruits_Sub_1,21,13.8,289.82,0,0.0,0,48,Cloudy,26.9,6,1,1
2023-01-01,STORE_010,SKU_0016,Vegetables,Vegetables_Sub_2,21,4.89,102.61,0,0.0,0,65,Cold,11.9,6,1,1
2023-01-01,STORE_010,SKU_0017,Bakery,Bakery_Sub_3,15,12.48,187.22,0,0.0,0,22,Cold,28.6,6,1,1
2023-01-01,STORE_010,SKU_0018,Chilled,Chilled_Sub_4,17,14.32,243.45,0,0.0,0,29,Rainy,26.4,6,1,1
2023-01-01,STORE_010,SKU_0019,Dairy,Dairy_Sub_5,31,8.94,277.18,0,0.0,0,45,Rainy,27.5,6,1,1
2023-01-01,STORE_010,SKU_0020,Fruits,Fruits_Sub_1,25,5.31,132.69,0,0.0,0,44,Sunny,21.2,6,1,1
2023-01-01,STORE_010,SKU_0021,Vegetables,Vegetables_Sub_2,17,4.63,62.53,1,0.21,0,57,Cloudy,23.8,6,1,1
2023-01-01,STORE_010,SKU_0022,Bakery,Bakery_Sub_3,14,12.3,136.49,1,0.21,0,32,Sunny,19.7,6,1,1
2023-01-01,STORE_010,SKU_0023,Chilled,Chilled_Sub_4,16,7.16,114.62,0,0.0,0,28,Rainy,27.5,6,1,1
2023-01-01,STORE_010,SKU_0024,Dairy,Dairy_Sub_5,31,11.39,352.99,0,0.0,0,43,Hot,17.1,6,1,1
2023-01-01,STORE_010,SKU_0025,Fruits,Fruits_Sub_1,11,2.93,32.28,0,0.0,0,51,Cold,26.2,6,1,1
2023-01-01,STORE_010,SKU_0026,Vegetables,Vegetables_Sub_2,29,7.92,229.76,0,0.0,0,54,Hot,19.7,6,1,1
2023-01-01,STORE_010,SKU_0027,Bakery,Bakery_Sub_3,11,12.58,138.36,0,0.0,0,23,Cloudy,24.8,6,1,1
2023-01-01,STORE_010,SKU_0028,Chilled,Chilled_Sub_4,12,2.42,29.01,0,0.0,0,25,Hot,22.5,6,1,1
2023-01-01,STORE_010,SKU_0029,Dairy,Dairy_Sub_5,31,5.84,181.07,0,0.0,0,43,Cloudy,26.7,6,1,1
2023-01-01,STORE_010,SKU_0030,Fruits,Fruits_Sub_1,18,8.9,160.27,0,0.0,0,38,Cold,18.5,6,1,1
2023-01-01,STORE_010,SKU_0031,Vegetables,Vegetables_Sub_2,27,10.52,283.92,0,0.0,0,49,Sunny,17.4,6,1,1
2023-01-01,STORE_010,SKU_0032,Bakery,Bakery_Sub_3,18,13.59,244.69,0,0.0,0,27,Cold,26.6,6,1,1
2023-01-01,STORE_010,SKU_0033,Chilled,Chilled_Sub_4,16,10.64,170.31,0,0.0,0,34,Cold,14.3,6,1,1
2023-01-01,STORE_010,SKU_0034,Dairy,Dairy_Sub_5,29,10.58,229.41,1,0.25,0,45,Cloudy,10.8,6,1,1
2023-01-01,STORE_010,SKU_0035,Fruits,Fruits_Sub_1,21,6.15,129.19,0,0.0,0,42,Rainy,29.3,6,1,1
2023-01-01,STORE_010,SKU_0036,Vegetables,Vegetables_Sub_2,28,14.46,404.79,0,0.0,0,61,Cold,25.8,6,1,1
2023-01-01,STORE_010,SKU_0037,Bakery,Bakery_Sub_3,16,11.37,181.95,0,0.0,0,26,Cloudy,29.9,6,1,1
2023-01-01,STORE_010,SKU_0038,Chilled,Chilled_Sub_4,0,4.14,0.0,0,0.0,1,32,Cloudy,10.1,6,1,1
2023-01-01,STORE_010,SKU_0039,Dairy,Dairy_Sub_5,26,2.29,59.58,0,0.0,0,51,Cloudy,25.4,6,1,1
2023-01-01,STORE_010,SKU_0040,Fruits,Fruits_Sub_1,21,9.66,202.92,0,0.0,0,41,Sunny,19.8,6,1,1
2023-01-01,STORE_010,SKU_0041,Vegetables,Vegetables_Sub_2,28,4.47,125.21,0,0.0,0,52,Rainy,27.7,6,1,1
2023-01-01,STORE_010,SKU_0042,Bakery,Bakery_Sub_3,19,5.24,99.59,0,0.0,0,30,Hot,27.2,6,1,1
2023-01-01,STORE_010,SKU_0043,Chilled,Chilled_Sub_4,12,5.28,63.42,0,0.0,0,42,Cold,10.8,6,1,1
2023-01-01,STORE_010,SKU_0044,Dairy,Dairy_Sub_5,28,10.66,298.51,0,0.0,0,52,Sunny,25.9,6,1,1
2023-01-01,STORE_010,SKU_0045,Fruits,Fruits_Sub_1,22,9.1,149.89,1,0.25,0,39,Rainy,15.7,6,1,1
2023-01-01,STORE_010,SKU_0046,Vegetables,Vegetables_Sub_2,34,8.91,302.81,0,0.0,0,73,Cold,21.0,6,1,1
2023-01-01,STORE_010,SKU_0047,Bakery,Bakery_Sub_3,11,6.89,75.76,0,0.0,0,23,Hot,26.3,6,1,1
2023-01-01,STORE_010,SKU_0048,Chilled,Chilled_Sub_4,17,4.52,76.8,0,0.0,0,26,Cold,20.8,6,1,1
2023-01-01,STORE_010,SKU_0049,Dairy,Dairy_Sub_5,39,4.81,187.53,0,0.0,0,42,Rainy,21.2,6,1,1
2023-01-01,STORE_010,SKU_0050,Fruits,Fruits_Sub_1,21,11.6,243.51,0,0.0,0,44,Hot,19.1,6,1,1
2023-01-02,STORE_001,SKU_0001,Vegetables,Vegetables_Sub_2,24,13.49,323.72,0,0.0,0,50,Cold,26.5,0,0,1
2023-01-02,STORE_001,SKU_0002,Bakery,Bakery_Sub_3,12,5.66,67.9,0,0.0,0,27,Hot,13.9,0,0,1
2023-01-02,STORE_001,SKU_0003,Chilled,Chilled_Sub_4,8,5.02,40.15,0,0.0,0,20,Sunny,17.5,0,0,1
2023-01-02,STORE_001,SKU_0004,Dairy,Dairy_Sub_5,13,4.49,58.31,0,0.0,0,49,Rainy,29.1,0,0,1
2023-01-02,STORE_001,SKU_0005,Fruits,Fruits_Sub_1,22,10.79,237.33,0,0.0,0,36,Cold,11.0,0,0,1
2023-01-02,STORE_001,SKU_0006,Vegetables,Vegetables_Sub_2,30,13.97,419.18,0,0.0,0,54,Hot,13.2,0,0,1
2023-01-02,STORE_001,SKU_0007,Bakery,Bakery_Sub_3,11,14.73,161.99,0,0.0,0,25,Rainy,24.2,0,0,1
2023-01-02,STORE_001,SKU_0008,Chilled,Chilled_Sub_4,25,4.55,113.77,0,0.0,0,32,Cloudy,13.2,0,0,1
2023-01-02,STORE_001,SKU_0009,Dairy,Dairy_Sub_5,0,7.98,0.0,0,0.0,1,41,Hot,13.7,0,0,1
2023-01-02,STORE_001,SKU_0010,Fruits,Fruits_Sub_1,17,8.87,150.79,0,0.0,0,31,Rainy,10.2,0,0,1
2023-01-02,STORE_001,SKU_0011,Vegetables,Vegetables_Sub_2,28,9.87,276.26,0,0.0,0,56,Hot,19.5,0,0,1
2023-01-02,STORE_001,SKU_0012,Bakery,Bakery_Sub_3,12,8.48,101.75,0,0.0,0,17,Cloudy,18.1,0,0,1
2023-01-02,STORE_001,SKU_0013,Chilled,Chilled_Sub_4,9,7.24,65.18,0,0.0,0,24,Hot,23.3,0,0,1
2023-01-02,STORE_001,SKU_0014,Dairy,Dairy_Sub_5,20,10.12,202.48,0,0.0,0,52,Rainy,16.8,0,0,1
2023-01-02,STORE_001,SKU_0015,Fruits,Fruits_Sub_1,20,12.28,245.61,0,0.0,0,34,Sunny,24.8,0,0,1
2023-01-02,STORE_001,SKU_0016,Vegetables,Vegetables_Sub_2,27,7.39,199.62,0,0.0,0,54,Sunny,18.0,0,0,1
2023-01-02,STORE_001,SKU_0017,Bakery,Bakery_Sub_3,18,7.61,136.96,0,0.0,0,26,Cloudy,25.3,0,0,1
2023-01-02,STORE_001,SKU_0018,Chilled,Chilled_Sub_4,17,5.19,88.27,0,0.0,0,27,Cold,12.0,0,0,1
2023-01-02,STORE_001,SKU_0019,Dairy,Dairy_Sub_5,16,6.44,103.06,0,0.0,0,36,Cloudy,20.8,0,0,1
2023-01-02,STORE_001,SKU_0020,Fruits,Fruits_Sub_1,14,6.15,86.15,0,0.0,0,30,Hot,29.7,0,0,1
2023-01-02,STORE_001,SKU_0021,Vegetables,Vegetables_Sub_2,25,9.67,241.78,0,0.0,0,48,Cold,11.6,0,0,1
2023-01-02,STORE_001,SKU_0022,Bakery,Bakery_Sub_3,13,8.67,112.77,0,0.0,0,21,Cloudy,16.7,0,0,1
2023-01-02,STORE_001,SKU_0023,Chilled,Chilled_Sub_4,8,7.03,39.82,1,0.29,0,32,Hot,13.9,0,0,1
2023-01-02,STORE_001,SKU_0024,Dairy,Dairy_Sub_5,21,2.41,40.9,1,0.19,0,30,Cold,11.6,0,0,1
2023-01-02,STORE_001,SKU_0025,Fruits,Fruits_Sub_1,12,4.3,51.64,0,0.0,0,31,Hot,11.4,0,0,1
2023-01-02,STORE_001,SKU_0026,Vegetables,Vegetables_Sub_2,27,2.96,79.91,0,0.0,0,54,Rainy,20.7,0,0,1
2023-01-02,STORE_001,SKU_0027,Bakery,Bakery_Sub_3,0,8.16,0.0,0,0.0,1,21,Cloudy,21.8,0,0,1
2023-01-02,STORE_001,SKU_0028,Chilled,Chilled_Sub_4,13,14.89,193.53,0,0.0,0,32,Cold,21.0,0,0,1
2023-01-02,STORE_001,SKU_0029,Dairy,Dairy_Sub_5,18,14.06,253.05,0,0.0,0,34,Cloudy,25.8,0,0,1
2023-01-02,STORE_001,SKU_0030,Fruits,Fruits_Sub_1,20,12.84,256.81,0,0.0,0,35,Cold,26.0,0,0,1
2023-01-02,STORE_001,SKU_0031,Vegetables,Vegetables_Sub_2,22,11.24,247.28,0,0.0,0,45,Cloudy,24.5,0,0,1
2023-01-02,STORE_001,SKU_0032,Bakery,Bakery_Sub_3,6,9.96,59.78,0,0.0,0,24,Sunny,24.3,0,0,1
2023-01-02,STORE_001,SKU_0033,Chilled,Chilled_Sub_4,6,10.76,56.09,1,0.13,0,35,Cold,16.2,0,0,1
2023-01-02,STORE_001,SKU_0034,Dairy,Dairy_Sub_5,18,13.4,241.15,0,0.0,0,52,Cold,20.4,0,0,1
2023-01-02,STORE_001,SKU_0035,Fruits,Fruits_Sub_1,19,13.66,259.57,0,0.0,0,31,Sunny,21.2,0,0,1
2023-01-02,STORE_001,SKU_0036,Vegetables,Vegetables_Sub_2,26,9.42,244.89,0,0.0,0,50,Hot,27.0,0,0,1
2023-01-02,STORE_001,SKU_0037,Bakery,Bakery_Sub_3,18,10.41,187.37,0,0.0,0,29,Cold,26.1,0,0,1
2023-01-02,STORE_001,SKU_0038,Chilled,Chilled_Sub_4,17,12.36,210.07,0,0.0,0,25,Cold,16.0,0,0,1
2023-01-02,STORE_001,SKU_0039,Dairy,Dairy_Sub_5,25,6.99,174.87,0,0.0,0,36,Cloudy,13.1,0,0,1
2023-01-02,STORE_001,SKU_0040,Fruits,Fruits_Sub_1,14,10.97,153.58,0,0.0,0,30,Sunny,16.2,0,0,1
2023-01-02,STORE_001,SKU_0041,Vegetables,Vegetables_Sub_2,18,5.89,106.11,0,0.0,0,41,Sunny,25.6,0,0,1
2023-01-02,STORE_001,SKU_0042,Bakery,Bakery_Sub_3,11,9.7,106.67,0,0.0,0,25,Hot,18.7,0,0,1
2023-01-02,STORE_001,SKU_0043,Chilled,Chilled_Sub_4,14,8.21,114.89,0,0.0,0,24,Cold,12.6,0,0,1
2023-01-02,STORE_001,SKU_0044,Dairy,Dairy_Sub_5,15,8.74,131.15,0,0.0,0,45,Cold,22.7,0,0,1
2023-01-02,STORE_001,SKU_0045,Fruits,Fruits_Sub_1,10,13.49,96.38,1,0.29,0,33,Hot,21.9,0,0,1
2023-01-02,STORE_001,SKU_0046,Vegetables,Vegetables_Sub_2,26,2.98,77.4,0,0.0,0,42,Sunny,15.2,0,0,1
2023-01-02,STORE_001,SKU_0047,Bakery,Bakery_Sub_3,11,7.6,71.97,1,0.14,0,21,Hot,15.8,0,0,1
2023-01-02,STORE_001,SKU_0048,Chilled,Chilled_Sub_4,18,13.44,241.94,0,0.0,0,28,Rainy,19.4,0,0,1
2023-01-02,STORE_001,SKU_0049,Dairy,Dairy_Sub_5,20,13.26,265.18,0,0.0,0,41,Hot,29.6,0,0,1
2023-01-02,STORE_001,SKU_0050,Fruits,Fruits_Sub_1,14,11.24,157.35,0,0.0,0,44,Cloudy,20.3,0,0,1
2023-01-02,STORE_002,SKU_0001,Vegetables,Vegetables_Sub_2,23,14.01,246.16,1,0.24,0,39,Rainy,18.4,0,0,1
2023-01-02,STORE_002,SKU_0002,Bakery,Bakery_Sub_3,11,11.92,92.8,1,0.29,0,21,Rainy,10.9,0,0,1
2023-01-02,STORE_002,SKU_0003,Chilled,Chilled_Sub_4,14,14.01,196.11,0,0.0,0,27,Sunny,15.4,0,0,1
2023-01-02,STORE_002,SKU_0004,Dairy,Dairy_Sub_5,18,13.11,186.87,1,0.21,0,34,Cold,10.8,0,0,1
2023-01-02,STORE_002,SKU_0005,Fruits,Fruits_Sub_1,25,13.56,339.04,0,0.0,0,27,Cold,19.7,0,0,1
2023-01-02,STORE_002,SKU_0006,Vegetables,Vegetables_Sub_2,25,2.29,57.33,0,0.0,0,49,Cloudy,28.9,0,0,1
2023-01-02,STORE_002,SKU_0007,Bakery,Bakery_Sub_3,7,12.18,85.24,0,0.0,0,22,Cloudy,29.8,0,0,1
2023-01-02,STORE_002,SKU_0008,Chilled,Chilled_Sub_4,24,3.72,89.34,0,0.0,0,27,Hot,24.5,0,0,1
2023-01-02,STORE_002,SKU_0009,Dairy,Dairy_Sub_5,10,9.71,97.09,0,0.0,0,46,Cold,12.7,0,0,1
2023-01-02,STORE_002,SKU_0010,Fruits,Fruits_Sub_1,18,8.31,149.66,0,0.0,0,32,Cloudy,21.5,0,0,1
2023-01-02,STORE_002,SKU_0011,Vegetables,Vegetables_Sub_2,20,7.39,105.65,1,0.29,0,49,Cloudy,24.1,0,0,1
2023-01-02,STORE_002,SKU_0012,Bakery,Bakery_Sub_3,12,14.61,175.29,0,0.0,0,15,Sunny,24.1,0,0,1
2023-01-02,STORE_002,SKU_0013,Chilled,Chilled_Sub_4,10,11.17,111.74,0,0.0,0,25,Cold,20.0,0,0,1
2023-01-02,STORE_002,SKU_0014,Dairy,Dairy_Sub_5,18,4.0,71.96,0,0.0,0,39,Rainy,29.2,0,0,1
2023-01-02,STORE_002,SKU_0015,Fruits,Fruits_Sub_1,13,2.81,36.49,0,0.0,0,33,Cold,27.1,0,0,1
2023-01-02,STORE_002,SKU_0016,Vegetables,Vegetables_Sub_2,20,11.39,227.77,0,0.0,0,54,Cloudy,26.3,0,0,1
2023-01-02,STORE_002,SKU_0017,Bakery,Bakery_Sub_3,11,9.13,70.45,1,0.3,0,29,Hot,12.4,0,0,1
2023-01-02,STORE_002,SKU_0018,Chilled,Chilled_Sub_4,10,11.01,110.09,0,0.0,0,21,Cold,19.6,0,0,1
2023-01-02,STORE_002,SKU_0019,Dairy,Dairy_Sub_5,18,4.48,80.59,0,0.0,0,39,Cold,29.1,0,0,1
2023-01-02,STORE_002,SKU_0020,Fruits,Fruits_Sub_1,19,3.11,59.03,0,0.0,0,33,Hot,24.0,0,0,1
2023-01-02,STORE_002,SKU_0021,Vegetables,Vegetables_Sub_2,26,10.61,275.85,0,0.0,0,35,Hot,10.2,0,0,1
2023-01-02,STORE_002,SKU_0022,Bakery,Bakery_Sub_3,8,14.87,118.97,0,0.0,0,16,Hot,25.2,0,0,1
2023-01-02,STORE_002,SKU_0023,Chilled,Chilled_Sub_4,20,3.41,48.29,1,0.29,0,25,Hot,14.7,0,0,1
2023-01-02,STORE_002,SKU_0024,Dairy,Dairy_Sub_5,16,2.77,44.32,0,0.0,0,50,Hot,13.5,0,0,1
2023-01-02,STORE_002,SKU_0025,Fruits,Fruits_Sub_1,17,9.48,161.15,0,0.0,0,39,Hot,22.6,0,0,1
2023-01-02,STORE_002,SKU_0026,Vegetables,Vegetables_Sub_2,25,5.14,128.41,0,0.0,0,53,Hot,11.1,0,0,1
2023-01-02,STORE_002,SKU_0027,Bakery,Bakery_Sub_3,13,13.99,181.83,0,0.0,0,14,Hot,25.6,0,0,1
2023-01-02,STORE_002,SKU_0028,Chilled,Chilled_Sub_4,19,7.62,144.81,0,0.0,0,21,Cloudy,16.2,0,0,1
2023-01-02,STORE_002,SKU_0029,Dairy,Dairy_Sub_5,20,8.56,171.15,0,0.0,0,35,Hot,22.5,0,0,1
2023-01-02,STORE_002,SKU_0030,Fruits,Fruits_Sub_1,12,4.44,53.23,0,0.0,0,35,Cold,25.5,0,0,1
2023-01-02,STORE_002,SKU_0031,Vegetables,Vegetables_Sub_2,29,3.62,104.86,0,0.0,0,48,Cloudy,22.2,0,0,1
2023-01-02,STORE_002,SKU_0032,Bakery,Bakery_Sub_3,10,3.27,32.65,0,0.0,0,18,Hot,12.1,0,0,1
2023-01-02,STORE_002,SKU_0033,Chilled,Chilled_Sub_4,17,10.13,133.43,1,0.22,0,31,Cold,13.8,0,0,1
2023-01-02,STORE_002,SKU_0034,Dairy,Dairy_Sub_5,0,12.96,0.0,0,0.0,1,46,Cloudy,11.7,0,0,1
2023-01-02,STORE_002,SKU_0035,Fruits,Fruits_Sub_1,16,3.99,63.88,0,0.0,0,39,Sunny,12.3,0,0,1
2023-01-02,STORE_002,SKU_0036,Vegetables,Vegetables_Sub_2,26,9.05,235.29,0,0.0,0,45,Cold,28.4,0,0,1
2023-01-02,STORE_002,SKU_0037,Bakery,Bakery_Sub_3,14,7.67,107.43,0,0.0,0,28,Hot,21.1,0,0,1
2023-01-02,STORE_002,SKU_0038,Chilled,Chilled_Sub_4,13,10.41,135.35,0,0.0,0,27,Hot,19.0,0,0,1
2023-01-02,STORE_002,SKU_0039,Dairy,Dairy_Sub_5,12,7.5,65.59,1,0.27,0,48,Hot,22.4,0,0,1
2023-01-02,STORE_002,SKU_0040,Fruits,Fruits_Sub_1,17,8.06,136.95,0,0.0,0,21,Cold,17.6,0,0,1
2023-01-02,STORE_002,SKU_0041,Vegetables,Vegetables_Sub_2,21,14.29,300.12,0,0.0,0,48,Hot,19.1,0,0,1
2023-01-02,STORE_002,SKU_0042,Bakery,Bakery_Sub_3,10,6.64,66.43,0,0.0,0,22,Cloudy,12.7,0,0,1
2023-01-02,STORE_002,SKU_0043,Chilled,Chilled_Sub_4,10,13.67,136.68,0,0.0,0,34,Sunny,18.5,0,0,1
2023-01-02,STORE_002,SKU_0044,Dairy,Dairy_Sub_5,15,13.76,206.35,0,0.0,0,44,Cold,14.5,0,0,1
2023-01-02,STORE_002,SKU_0045,Fruits,Fruits_Sub_1,18,10.54,160.9,1,0.15,0,37,Cloudy,20.8,0,0,1
2023-01-02,STORE_002,SKU_0046,Vegetables,Vegetables_Sub_2,33,13.44,443.41,0,0.0,0,51,Hot,27.7,0,0,1
2023-01-02,STORE_002,SKU_0047,Bakery,Bakery_Sub_3,7,12.45,87.14,0,0.0,0,18,Cloudy,17.5,0,0,1
2023-01-02,STORE_002,SKU_0048,Chilled,Chilled_Sub_4,16,12.7,203.23,0,0.0,0,32,Cold,13.2,0,0,1
2023-01-02,STORE_002,SKU_0049,Dairy,Dairy_Sub_5,27,9.2,248.27,0,0.0,0,45,Sunny,29.6,0,0,1
2023-01-02,STORE_002,SKU_0050,Fruits,Fruits_Sub_1,20,2.89,57.74,0,0.0,0,28,Rainy,23.6,0,0,1
2023-01-02,STORE_003,SKU_0001,Vegetables,Vegetables_Sub_2,36,5.17,186.12,0,0.0,0,36,Rainy,29.7,0,0,1
2023-01-02,STORE_003,SKU_0002,Bakery,Bakery_Sub_3,14,14.75,206.47,0,0.0,0,23,Sunny,20.9,0,0,1
2023-01-02,STORE_003,SKU_0003,Chilled,Chilled_Sub_4,14,10.81,151.39,0,0.0,0,30,Rainy,10.2,0,0,1
2023-01-02,STORE_003,SKU_0004,Dairy,Dairy_Sub_5,20,10.61,212.26,0,0.0,0,38,Sunny,28.7,0,0,1
2023-01-02,STORE_003,SKU_0005,Fruits,Fruits_Sub_1,20,6.64,132.7,0,0.0,0,34,Sunny,22.3,0,0,1
2023-01-02,STORE_003,SKU_0006,Vegetables,Vegetables_Sub_2,15,7.61,114.1,0,0.0,0,42,Hot,28.3,0,0,1
2023-01-02,STORE_003,SKU_0007,Bakery,Bakery_Sub_3,14,2.47,34.64,0,0.0,0,20,Hot,11.5,0,0,1
2023-01-02,STORE_003,SKU_0008,Chilled,Chilled_Sub_4,0,6.88,0.0,0,0.0,1,28,Rainy,26.2,0,0,1
2023-01-02,STORE_003,SKU_0009,Dairy,Dairy_Sub_5,16,8.32,133.06,0,0.0,0,33,Cloudy,16.2,0,0,1
2023-01-02,STORE_003,SKU_0010,Fruits,Fruits_Sub_1,20,2.01,28.83,1,0.28,0,38,Hot,13.9,0,0,1
2023-01-02,STORE_003,SKU_0011,Vegetables,Vegetables_Sub_2,15,3.87,45.13,1,0.22,0,34,Cold,25.1,0,0,1
2023-01-02,STORE_003,SKU_0012,Bakery,Bakery_Sub_3,12,4.62,55.45,0,0.0,0,20,Sunny,13.3,0,0,1
2023-01-02,STORE_003,SKU_0013,Chilled,Chilled_Sub_4,0,3.88,0.0,0,0.0,1,20,Cloudy,12.3,0,0,1
2023-01-02,STORE_003,SKU_0014,Dairy,Dairy_Sub_5,29,4.8,139.13,0,0.0,0,46,Sunny,26.5,0,0,1
2023-01-02,STORE_003,SKU_0015,Fruits,Fruits_Sub_1,17,11.05,187.92,0,0.0,0,32,Sunny,13.0,0,0,1
2023-01-02,STORE_003,SKU_0016,Vegetables,Vegetables_Sub_2,15,11.68,175.26,0,0.0,0,53,Rainy,15.2,0,0,1
2023-01-02,STORE_003,SKU_0017,Bakery,Bakery_Sub_3,13,12.04,156.58,0,0.0,0,23,Sunny,18.9,0,0,1
2023-01-02,STORE_003,SKU_0018,Chilled,Chilled_Sub_4,10,4.95,49.47,0,0.0,0,25,Hot,15.5,0,0,1
2023-01-02,STORE_003,SKU_0019,Dairy,Dairy_Sub_5,23,13.92,254.01,1,0.21,0,41,Sunny,13.2,0,0,1
2023-01-02,STORE_003,SKU_0020,Fruits,Fruits_Sub_1,16,13.98,223.75,0,0.0,0,36,Cold,14.4,0,0,1
2023-01-02,STORE_003,SKU_0021,Vegetables,Vegetables_Sub_2,32,11.99,383.55,0,0.0,0,56,Sunny,18.1,0,0,1
2023-01-02,STORE_003,SKU_0022,Bakery,Bakery_Sub_3,9,3.77,33.95,0,0.0,0,26,Sunny,28.2,0,0,1
2023-01-02,STORE_003,SKU_0023,Chilled,Chilled_Sub_4,14,11.25,157.45,0,0.0,0,26,Sunny,26.2,0,0,1
2023-01-02,STORE_003,SKU_0024,Dairy,Dairy_Sub_5,29,8.69,252.1,0,0.0,0,39,Sunny,16.9,0,0,1
2023-01-02,STORE_003,SKU_0025,Fruits,Fruits_Sub_1,19,10.13,192.51,0,0.0,0,36,Cloudy,29.5,0,0,1
2023-01-02,STORE_003,SKU_0026,Vegetables,Vegetables_Sub_2,22,12.66,278.58,0,0.0,0,51,Rainy,12.3,0,0,1
2023-01-02,STORE_003,SKU_0027,Bakery,Bakery_Sub_3,12,13.38,160.61,0,0.0,0,23,Cold,25.5,0,0,1
2023-01-02,STORE_003,SKU_0028,Chilled,Chilled_Sub_4,14,3.93,54.97,0,0.0,0,32,Cloudy,19.6,0,0,1
2023-01-02,STORE_003,SKU_0029,Dairy,Dairy_Sub_5,21,5.89,123.76,0,0.0,0,41,Sunny,11.4,0,0,1
2023-01-02,STORE_003,SKU_0030,Fruits,Fruits_Sub_1,17,6.39,108.67,0,0.0,0,41,Hot,23.3,0,0,1
2023-01-02,STORE_003,SKU_0031,Vegetables,Vegetables_Sub_2,25,13.93,257.81,1,0.26,0,41,Sunny,12.1,0,0,1
2023-01-02,STORE_003,SKU_0032,Bakery,Bakery_Sub_3,10,7.19,71.92,0,0.0,0,19,Hot,23.7,0,0,1
2023-01-02,STORE_003,SKU_0033,Chilled,Chilled_Sub_4,16,4.16,66.48,0,0.0,0,29,Cold,21.7,0,0,1
2023-01-02,STORE_003,SKU_0034,Dairy,Dairy_Sub_5,30,4.34,112.04,1,0.14,0,51,Hot,24.0,0,0,1
2023-01-02,STORE_003,SKU_0035,Fruits,Fruits_Sub_1,14,7.7,107.83,0,0.0,0,32,Sunny,25.3,0,0,1
2023-01-02,STORE_003,SKU_0036,Vegetables,Vegetables_Sub_2,0,6.84,0.0,0,0.0,1,41,Rainy,27.1,0,0,1
2023-01-02,STORE_003,SKU_0037,Bakery,Bakery_Sub_3,12,4.5,54.06,0,0.0,0,25,Rainy,12.4,0,0,1
2023-01-02,STORE_003,SKU_0038,Chilled,Chilled_Sub_4,13,6.55,85.17,0,0.0,0,25,Sunny,26.6,0,0,1
2023-01-02,STORE_003,SKU_0039,Dairy,Dairy_Sub_5,22,3.9,85.78,0,0.0,0,49,Cold,11.2,0,0,1
2023-01-02,STORE_003,SKU_0040,Fruits,Fruits_Sub_1,14,12.12,120.05,1,0.29,0,37,Sunny,16.9,0,0,1
2023-01-02,STORE_003,SKU_0041,Vegetables,Vegetables_Sub_2,21,2.0,42.08,0,0.0,0,41,Rainy,15.0,0,0,1
2023-01-02,STORE_003,SKU_0042,Bakery,Bakery_Sub_3,11,7.29,80.19,0,0.0,0,23,Cold,15.6,0,0,1
2023-01-02,STORE_003,SKU_0043,Chilled,Chilled_Sub_4,8,12.57,79.42,1,0.21,0,26,Rainy,10.9,0,0,1
2023-01-02,STORE_003,SKU_0044,Dairy,Dairy_Sub_5,19,6.44,122.28,0,0.0,0,48,Cloudy,27.7,0,0,1
2023-01-02,STORE_003,SKU_0045,Fruits,Fruits_Sub_1,17,14.81,251.82,0,0.0,0,26,Rainy,23.4,0,0,1
2023-01-02,STORE_003,SKU_0046,Vegetables,Vegetables_Sub_2,13,6.85,89.09,0,0.0,0,41,Cloudy,13.0,0,0,1
2023-01-02,STORE_003,SKU_0047,Bakery,Bakery_Sub_3,7,10.73,75.08,0,0.0,0,24,Hot,20.6,0,0,1
2023-01-02,STORE_003,SKU_0048,Chilled,Chilled_Sub_4,16,9.4,150.36,0,0.0,0,27,Hot,28.5,0,0,1
2023-01-02,STORE_003,SKU_0049,Dairy,Dairy_Sub_5,30,7.48,224.36,0,0.0,0,29,Sunny,13.3,0,0,1
2023-01-02,STORE_003,SKU_0050,Fruits,Fruits_Sub_1,15,7.59,113.79,0,0.0,0,30,Hot,10.5,0,0,1
2023-01-02,STORE_004,SKU_0001,Vegetables,Vegetables_Sub_2,26,13.54,351.99,0,0.0,0,49,Cold,17.2,0,0,1
2023-01-02,STORE_004,SKU_0002,Bakery,Bakery_Sub_3,9,8.11,72.97,0,0.0,0,26,Rainy,26.5,0,0,1
2023-01-02,STORE_004,SKU_0003,Chilled,Chilled_Sub_4,7,10.74,75.2,0,0.0,0,25,Cloudy,20.3,0,0,1
2023-01-02,STORE_004,SKU_0004,Dairy,Dairy_Sub_5,18,5.76,103.75,0,0.0,0,33,Cloudy,14.6,0,0,1
2023-01-02,STORE_004,SKU_0005,Fruits,Fruits_Sub_1,15,2.69,40.4,0,0.0,0,41,Sunny,26.0,0,0,1
2023-01-02,STORE_004,SKU_0006,Vegetables,Vegetables_Sub_2,23,10.18,234.09,0,0.0,0,45,Sunny,20.3,0,0,1
2023-01-02,STORE_004,SKU_0007,Bakery,Bakery_Sub_3,9,14.55,130.96,0,0.0,0,22,Hot,24.4,0,0,1
2023-01-02,STORE_004,SKU_0008,Chilled,Chilled_Sub_4,9,13.92,125.24,0,0.0,0,23,Cold,15.4,0,0,1
2023-01-02,STORE_004,SKU_0009,Dairy,Dairy_Sub_5,25,10.26,215.39,1,0.16,0,39,Rainy,23.2,0,0,1
2023-01-02,STORE_004,SKU_0010,Fruits,Fruits_Sub_1,10,10.4,104.0,0,0.0,0,30,Cold,12.3,0,0,1
2023-01-02,STORE_004,SKU_0011,Vegetables,Vegetables_Sub_2,38,4.69,178.41,0,0.0,0,51,Rainy,24.7,0,0,1
2023-01-02,STORE_004,SKU_0012,Bakery,Bakery_Sub_3,14,2.44,34.12,0,0.0,0,22,Sunny,14.6,0,0,1
2023-01-02,STORE_004,SKU_0013,Chilled,Chilled_Sub_4,17,3.84,65.23,0,0.0,0,27,Rainy,17.2,0,0,1
2023-01-02,STORE_004,SKU_0014,Dairy,Dairy_Sub_5,16,9.18,146.9,0,0.0,0,44,Hot,22.0,0,0,1
2023-01-02,STORE_004,SKU_0015,Fruits,Fruits_Sub_1,20,11.84,236.74,0,0.0,0,32,Rainy,13.2,0,0,1
2023-01-02,STORE_004,SKU_0016,Vegetables,Vegetables_Sub_2,26,3.36,87.37,0,0.0,0,53,Sunny,17.5,0,0,1
2023-01-02,STORE_004,SKU_0017,Bakery,Bakery_Sub_3,8,9.7,77.6,0,0.0,0,23,Sunny,23.6,0,0,1
2023-01-02,STORE_004,SKU_0018,Chilled,Chilled_Sub_4,14,12.28,171.92,0,0.0,0,24,Hot,25.3,0,0,1
2023-01-02,STORE_004,SKU_0019,Dairy,Dairy_Sub_5,18,10.47,188.41,0,0.0,0,62,Cold,28.3,0,0,1
2023-01-02,STORE_004,SKU_0020,Fruits,Fruits_Sub_1,18,4.56,82.06,0,0.0,0,41,Cold,22.2,0,0,1
2023-01-02,STORE_004,SKU_0021,Vegetables,Vegetables_Sub_2,24,13.92,333.97,0,0.0,0,45,Cold,17.6,0,0,1
2023-01-02,STORE_004,SKU_0022,Bakery,Bakery_Sub_3,11,6.01,66.13,0,0.0,0,26,Sunny,18.3,0,0,1
2023-01-02,STORE_004,SKU_0023,Chilled,Chilled_Sub_4,19,4.61,87.61,0,0.0,0,35,Sunny,29.3,0,0,1
2023-01-02,STORE_004,SKU_0024,Dairy,Dairy_Sub_5,19,6.16,117.05,0,0.0,0,38,Sunny,21.4,0,0,1
2023-01-02,STORE_004,SKU_0025,Fruits,Fruits_Sub_1,15,5.46,81.95,0,0.0,0,37,Cold,19.4,0,0,1
2023-01-02,STORE_004,SKU_0026,Vegetables,Vegetables_Sub_2,23,6.94,159.52,0,0.0,0,35,Sunny,10.0,0,0,1
2023-01-02,STORE_004,SKU_0027,Bakery,Bakery_Sub_3,9,12.97,116.72,0,0.0,0,17,Cloudy,17.1,0,0,1
2023-01-02,STORE_004,SKU_0028,Chilled,Chilled_Sub_4,15,13.69,205.42,0,0.0,0,32,Cold,22.9,0,0,1
2023-01-02,STORE_004,SKU_0029,Dairy,Dairy_Sub_5,27,5.33,143.8,0,0.0,0,43,Cold,21.3,0,0,1
2023-01-02,STORE_004,SKU_0030,Fruits,Fruits_Sub_1,16,5.93,94.84,0,0.0,0,47,Cloudy,15.2,0,0,1
2023-01-02,STORE_004,SKU_0031,Vegetables,Vegetables_Sub_2,15,14.05,210.8,0,0.0,0,50,Cloudy,14.7,0,0,1
2023-01-02,STORE_004,SKU_0032,Bakery,Bakery_Sub_3,8,3.48,27.86,0,0.0,0,33,Cold,18.4,0,0,1
2023-01-02,STORE_004,SKU_0033,Chilled,Chilled_Sub_4,11,3.17,34.85,0,0.0,0,20,Hot,27.2,0,0,1
2023-01-02,STORE_004,SKU_0034,Dairy,Dairy_Sub_5,32,2.6,83.15,0,0.0,0,36,Sunny,20.3,0,0,1
2023-01-02,STORE_004,SKU_0035,Fruits,Fruits_Sub_1,18,5.2,93.58,0,0.0,0,42,Cold,13.6,0,0,1
2023-01-02,STORE_004,SKU_0036,Vegetables,Vegetables_Sub_2,22,7.51,165.17,0,0.0,0,46,Cold,16.8,0,0,1
2023-01-02,STORE_004,SKU_0037,Bakery,Bakery_Sub_3,0,10.27,0.0,0,0.0,1,23,Rainy,25.3,0,0,1
2023-01-02,STORE_004,SKU_0038,Chilled,Chilled_Sub_4,16,12.97,147.18,1,0.29,0,35,Hot,26.1,0,0,1
2023-01-02,STORE_004,SKU_0039,Dairy,Dairy_Sub_5,17,5.78,98.26,0,0.0,0,45,Hot,12.0,0,0,1
2023-01-02,STORE_004,SKU_0040,Fruits,Fruits_Sub_1,11,2.52,27.74,0,0.0,0,42,Cold,15.0,0,0,1
2023-01-02,STORE_004,SKU_0041,Vegetables,Vegetables_Sub_2,20,5.32,106.45,0,0.0,0,42,Cold,26.2,0,0,1
2023-01-02,STORE_004,SKU_0042,Bakery,Bakery_Sub_3,8,3.33,26.68,0,0.0,0,18,Hot,26.8,0,0,1
2023-01-02,STORE_004,SKU_0043,Chilled,Chilled_Sub_4,18,9.38,168.8,0,0.0,0,33,Rainy,10.4,0,0,1
2023-01-02,STORE_004,SKU_0044,Dairy,Dairy_Sub_5,25,10.9,272.47,0,0.0,0,51,Sunny,20.0,0,0,1
2023-01-02,STORE_004,SKU_0045,Fruits,Fruits_Sub_1,19,8.13,154.53,0,0.0,0,42,Cold,26.9,0,0,1
2023-01-02,STORE_004,SKU_0046,Vegetables,Vegetables_Sub_2,29,13.19,382.43,0,0.0,0,59,Rainy,17.2,0,0,1
2023-01-02,STORE_004,SKU_0047,Bakery,Bakery_Sub_3,13,4.98,55.74,1,0.14,0,28,Cloudy,19.2,0,0,1
2023-01-02,STORE_004,SKU_0048,Chilled,Chilled_Sub_4,10,3.3,33.03,0,0.0,0,27,Sunny,19.3,0,0,1
2023-01-02,STORE_004,SKU_0049,Dairy,Dairy_Sub_5,21,2.39,50.27,0,0.0,0,49,Rainy,19.7,0,0,1
2023-01-02,STORE_004,SKU_0050,Fruits,Fruits_Sub_1,16,8.96,143.37,0,0.0,0,49,Cloudy,28.1,0,0,1
2023-01-02,STORE_005,SKU_0001,Vegetables,Vegetables_Sub_2,31,4.15,128.73,0,0.0,0,42,Sunny,22.3,0,0,1
2023-01-02,STORE_005,SKU_0002,Bakery,Bakery_Sub_3,13,6.45,83.83,0,0.0,0,26,Rainy,12.4,0,0,1
2023-01-02,STORE_005,SKU_0003,Chilled,Chilled_Sub_4,4,7.49,29.95,0,0.0,0,26,Rainy,29.4,0,0,1
2023-01-02,STORE_005,SKU_0004,Dairy,Dairy_Sub_5,27,8.27,223.38,0,0.0,0,40,Rainy,28.9,0,0,1
2023-01-02,STORE_005,SKU_0005,Fruits,Fruits_Sub_1,21,6.21,130.32,0,0.0,0,38,Sunny,16.0,0,0,1
2023-01-02,STORE_005,SKU_0006,Vegetables,Vegetables_Sub_2,23,7.26,166.96,0,0.0,0,43,Cold,15.2,0,0,1
2023-01-02,STORE_005,SKU_0007,Bakery,Bakery_Sub_3,14,8.22,115.02,0,0.0,0,25,Cold,22.3,0,0,1
2023-01-02,STORE_005,SKU_0008,Chilled,Chilled_Sub_4,13,2.69,34.93,0,0.0,0,26,Cold,21.6,0,0,1
2023-01-02,STORE_005,SKU_0009,Dairy,Dairy_Sub_5,25,12.29,307.22,0,0.0,0,39,Rainy,17.0,0,0,1
2023-01-02,STORE_005,SKU_0010,Fruits,Fruits_Sub_1,18,7.96,143.3,0,0.0,0,37,Hot,25.1,0,0,1
2023-01-02,STORE_005,SKU_0011,Vegetables,Vegetables_Sub_2,23,4.55,104.63,0,0.0,0,48,Sunny,10.2,0,0,1
2023-01-02,STORE_005,SKU_0012,Bakery,Bakery_Sub_3,9,14.3,128.73,0,0.0,0,14,Cold,17.7,0,0,1
2023-01-02,STORE_005,SKU_0013,Chilled,Chilled_Sub_4,8,8.12,64.95,0,0.0,0,35,Cloudy,19.7,0,0,1
2023-01-02,STORE_005,SKU_0014,Dairy,Dairy_Sub_5,24,2.02,48.43,0,0.0,0,36,Hot,19.8,0,0,1
2023-01-02,STORE_005,SKU_0015,Fruits,Fruits_Sub_1,17,3.22,54.69,0,0.0,0,38,Cloudy,23.4,0,0,1
2023-01-02,STORE_005,SKU_0016,Vegetables,Vegetables_Sub_2,21,7.16,150.42,0,0.0,0,49,Cold,28.9,0,0,1
2023-01-02,STORE_005,SKU_0017,Bakery,Bakery_Sub_3,8,13.31,106.52,0,0.0,0,30,Rainy,13.6,0,0,1
2023-01-02,STORE_005,SKU_0018,Chilled,Chilled_Sub_4,0,3.51,0.0,1,0.18,1,29,Cold,20.5,0,0,1
2023-01-02,STORE_005,SKU_0019,Dairy,Dairy_Sub_5,24,9.87,236.77,0,0.0,0,43,Hot,16.7,0,0,1
2023-01-02,STORE_005,SKU_0020,Fruits,Fruits_Sub_1,15,2.93,44.0,0,0.0,0,33,Hot,10.5,0,0,1
2023-01-02,STORE_005,SKU_0021,Vegetables,Vegetables_Sub_2,27,9.99,269.77,0,0.0,0,37,Cloudy,29.6,0,0,1
2023-01-02,STORE_005,SKU_0022,Bakery,Bakery_Sub_3,12,9.14,109.73,0,0.0,0,19,Cold,15.8,0,0,1
2023-01-02,STORE_005,SKU_0023,Chilled,Chilled_Sub_4,13,14.61,189.95,0,0.0,0,29,Cold,11.8,0,0,1
2023-01-02,STORE_005,SKU_0024,Dairy,Dairy_Sub_5,18,13.83,248.89,0,0.0,0,46,Rainy,20.9,0,0,1
2023-01-02,STORE_005,SKU_0025,Fruits,Fruits_Sub_1,16,3.05,48.81,0,0.0,0,31,Cloudy,15.3,0,0,1
2023-01-02,STORE_005,SKU_0026,Vegetables,Vegetables_Sub_2,21,14.2,298.3,0,0.0,0,50,Rainy,20.9,0,0,1
2023-01-02,STORE_005,SKU_0027,Bakery,Bakery_Sub_3,18,8.25,148.5,0,0.0,0,24,Rainy,18.6,0,0,1
2023-01-02,STORE_005,SKU_0028,Chilled,Chilled_Sub_4,13,4.33,56.27,0,0.0,0,20,Hot,14.6,0,0,1
2023-01-02,STORE_005,SKU_0029,Dairy,Dairy_Sub_5,16,14.74,235.83,0,0.0,0,54,Cloudy,25.2,0,0,1
2023-01-02,STORE_005,SKU_0030,Fruits,Fruits_Sub_1,15,3.04,45.53,0,0.0,0,27,Cold,27.0,0,0,1
2023-01-02,STORE_005,SKU_0031,Vegetables,Vegetables_Sub_2,20,6.82,136.45,0,0.0,0,45,Rainy,17.5,0,0,1
2023-01-02,STORE_005,SKU_0032,Bakery,Bakery_Sub_3,12,12.16,145.94,0,0.0,0,17,Cold,23.6,0,0,1
2023-01-02,STORE_005,SKU_0033,Chilled,Chilled_Sub_4,15,4.67,70.05,0,0.0,0,29,Sunny,29.5,0,0,1
2023-01-02,STORE_005,SKU_0034,Dairy,Dairy_Sub_5,23,10.28,236.42,0,0.0,0,36,Cloudy,24.6,0,0,1
2023-01-02,STORE_005,SKU_0035,Fruits,Fruits_Sub_1,18,8.05,144.82,0,0.0,0,40,Rainy,23.7,0,0,1
2023-01-02,STORE_005,SKU_0036,Vegetables,Vegetables_Sub_2,21,4.75,99.74,0,0.0,0,47,Sunny,20.0,0,0,1
2023-01-02,STORE_005,SKU_0037,Bakery,Bakery_Sub_3,12,7.78,93.35,0,0.0,0,27,Cloudy,12.3,0,0,1
2023-01-02,STORE_005,SKU_0038,Chilled,Chilled_Sub_4,16,2.2,35.22,0,0.0,0,36,Hot,22.6,0,0,1
2023-01-02,STORE_005,SKU_0039,Dairy,Dairy_Sub_5,15,11.82,177.27,0,0.0,0,45,Cloudy,10.4,0,0,1
2023-01-02,STORE_005,SKU_0040,Fruits,Fruits_Sub_1,14,5.14,72.02,0,0.0,0,39,Cloudy,28.5,0,0,1
2023-01-02,STORE_005,SKU_0041,Vegetables,Vegetables_Sub_2,31,10.16,314.87,0,0.0,0,49,Sunny,19.4,0,0,1
2023-01-02,STORE_005,SKU_0042,Bakery,Bakery_Sub_3,18,8.97,161.49,0,0.0,0,23,Rainy,23.6,0,0,1
2023-01-02,STORE_005,SKU_0043,Chilled,Chilled_Sub_4,23,13.53,311.12,0,0.0,0,24,Rainy,22.4,0,0,1
2023-01-02,STORE_005,SKU_0044,Dairy,Dairy_Sub_5,19,2.02,38.44,0,0.0,0,30,Rainy,21.2,0,0,1
2023-01-02,STORE_005,SKU_0045,Fruits,Fruits_Sub_1,12,12.83,154.01,0,0.0,0,40,Hot,28.4,0,0,1
2023-01-02,STORE_005,SKU_0046,Vegetables,Vegetables_Sub_2,23,12.15,279.56,0,0.0,0,44,Cloudy,26.2,0,0,1
2023-01-02,STORE_005,SKU_0047,Bakery,Bakery_Sub_3,0,10.73,0.0,0,0.0,1,24,Hot,15.2,0,0,1
2023-01-02,STORE_005,SKU_0048,Chilled,Chilled_Sub_4,14,8.95,125.25,0,0.0,0,29,Cloudy,12.5,0,0,1
2023-01-02,STORE_005,SKU_0049,Dairy,Dairy_Sub_5,16,12.08,193.25,0,0.0,0,32,Cloudy,20.8,0,0,1
2023-01-02,STORE_005,SKU_0050,Fruits,Fruits_Sub_1,11,9.7,106.73,0,0.0,0,29,Cold,22.5,0,0,1
2023-01-02,STORE_006,SKU_0001,Vegetables,Vegetables_Sub_2,18,8.44,151.89,0,0.0,0,64,Sunny,25.4,0,0,1
2023-01-02,STORE_006,SKU_0002,Bakery,Bakery_Sub_3,8,2.37,19.0,0,0.0,0,23,Rainy,10.9,0,0,1
2023-01-02,STORE_006,SKU_0003,Chilled,Chilled_Sub_4,15,11.99,151.61,1,0.16,0,33,Hot,24.9,0,0,1
2023-01-02,STORE_006,SKU_0004,Dairy,Dairy_Sub_5,24,4.25,102.03,0,0.0,0,52,Rainy,13.3,0,0,1
2023-01-02,STORE_006,SKU_0005,Fruits,Fruits_Sub_1,15,2.04,30.59,0,0.0,0,32,Sunny,23.7,0,0,1
2023-01-02,STORE_006,SKU_0006,Vegetables,Vegetables_Sub_2,28,12.14,340.05,0,0.0,0,38,Cold,28.1,0,0,1
2023-01-02,STORE_006,SKU_0007,Bakery,Bakery_Sub_3,8,8.15,65.2,0,0.0,0,23,Cloudy,11.3,0,0,1
2023-01-02,STORE_006,SKU_0008,Chilled,Chilled_Sub_4,14,10.43,145.95,0,0.0,0,37,Hot,11.2,0,0,1
2023-01-02,STORE_006,SKU_0009,Dairy,Dairy_Sub_5,31,7.52,233.03,0,0.0,0,37,Rainy,23.8,0,0,1
2023-01-02,STORE_006,SKU_0010,Fruits,Fruits_Sub_1,18,4.16,74.88,0,0.0,0,39,Rainy,21.9,0,0,1
2023-01-02,STORE_006,SKU_0011,Vegetables,Vegetables_Sub_2,20,2.34,46.74,0,0.0,0,48,Rainy,28.6,0,0,1
2023-01-02,STORE_006,SKU_0012,Bakery,Bakery_Sub_3,14,6.51,91.15,0,0.0,0,28,Cloudy,21.3,0,0,1
2023-01-02,STORE_006,SKU_0013,Chilled,Chilled_Sub_4,0,4.66,0.0,1,0.24,1,32,Cold,24.9,0,0,1
2023-01-02,STORE_006,SKU_0014,Dairy,Dairy_Sub_5,25,5.24,131.08,0,0.0,0,35,Hot,28.4,0,0,1
2023-01-02,STORE_006,SKU_0015,Fruits,Fruits_Sub_1,8,12.24,97.92,0,0.0,0,31,Hot,25.6,0,0,1
2023-01-02,STORE_006,SKU_0016,Vegetables,Vegetables_Sub_2,23,2.34,53.77,0,0.0,0,33,Sunny,25.3,0,0,1
2023-01-02,STORE_006,SKU_0017,Bakery,Bakery_Sub_3,11,5.31,58.45,0,0.0,0,15,Sunny,23.4,0,0,1
2023-01-02,STORE_006,SKU_0018,Chilled,Chilled_Sub_4,13,11.47,149.05,0,0.0,0,27,Hot,20.8,0,0,1
2023-01-02,STORE_006,SKU_0019,Dairy,Dairy_Sub_5,25,2.86,71.49,0,0.0,0,45,Hot,25.0,0,0,1
2023-01-02,STORE_006,SKU_0020,Fruits,Fruits_Sub_1,17,5.98,101.72,0,0.0,0,31,Rainy,16.7,0,0,1
2023-01-02,STORE_006,SKU_0021,Vegetables,Vegetables_Sub_2,12,5.19,62.3,0,0.0,0,49,Sunny,26.4,0,0,1
2023-01-02,STORE_006,SKU_0022,Bakery,Bakery_Sub_3,14,5.21,72.94,0,0.0,0,14,Hot,15.9,0,0,1
2023-01-02,STORE_006,SKU_0023,Chilled,Chilled_Sub_4,16,2.55,40.76,0,0.0,0,29,Sunny,27.8,0,0,1
2023-01-02,STORE_006,SKU_0024,Dairy,Dairy_Sub_5,19,5.06,96.2,0,0.0,0,33,Cloudy,20.1,0,0,1
2023-01-02,STORE_006,SKU_0025,Fruits,Fruits_Sub_1,17,11.27,162.49,1,0.15,0,28,Cold,26.2,0,0,1
2023-01-02,STORE_006,SKU_0026,Vegetables,Vegetables_Sub_2,25,12.21,305.26,0,0.0,0,58,Cloudy,24.6,0,0,1
2023-01-02,STORE_006,SKU_0027,Bakery,Bakery_Sub_3,9,2.58,23.21,0,0.0,0,22,Sunny,10.6,0,0,1
2023-01-02,STORE_006,SKU_0028,Chilled,Chilled_Sub_4,19,14.53,276.05,0,0.0,0,35,Rainy,29.8,0,0,1
2023-01-02,STORE_006,SKU_0029,Dairy,Dairy_Sub_5,20,14.49,289.71,0,0.0,0,40,Rainy,23.1,0,0,1
2023-01-02,STORE_006,SKU_0030,Fruits,Fruits_Sub_1,19,6.97,132.38,0,0.0,0,34,Hot,18.1,0,0,1
2023-01-02,STORE_006,SKU_0031,Vegetables,Vegetables_Sub_2,24,6.52,156.41,0,0.0,0,47,Cold,27.0,0,0,1
2023-01-02,STORE_006,SKU_0032,Bakery,Bakery_Sub_3,16,12.42,198.72,0,0.0,0,20,Cold,22.3,0,0,1
2023-01-02,STORE_006,SKU_0033,Chilled,Chilled_Sub_4,13,8.7,113.04,0,0.0,0,26,Sunny,18.6,0,0,1
2023-01-02,STORE_006,SKU_0034,Dairy,Dairy_Sub_5,26,8.72,226.85,0,0.0,0,42,Hot,14.7,0,0,1
2023-01-02,STORE_006,SKU_0035,Fruits,Fruits_Sub_1,20,13.11,262.15,0,0.0,0,36,Cloudy,11.7,0,0,1
2023-01-02,STORE_006,SKU_0036,Vegetables,Vegetables_Sub_2,24,3.09,63.23,1,0.15,0,55,Rainy,23.1,0,0,1
2023-01-02,STORE_006,SKU_0037,Bakery,Bakery_Sub_3,7,3.58,25.07,0,0.0,0,32,Cloudy,29.2,0,0,1
2023-01-02,STORE_006,SKU_0038,Chilled,Chilled_Sub_4,14,2.88,40.35,0,0.0,0,18,Hot,13.3,0,0,1
2023-01-02,STORE_006,SKU_0039,Dairy,Dairy_Sub_5,25,8.28,206.91,0,0.0,0,45,Cold,21.8,0,0,1
2023-01-02,STORE_006,SKU_0040,Fruits,Fruits_Sub_1,10,12.18,107.16,1,0.12,0,33,Sunny,23.2,0,0,1
2023-01-02,STORE_006,SKU_0041,Vegetables,Vegetables_Sub_2,19,9.66,183.47,0,0.0,0,43,Hot,27.4,0,0,1
2023-01-02,STORE_006,SKU_0042,Bakery,Bakery_Sub_3,6,8.13,48.75,0,0.0,0,26,Rainy,20.7,0,0,1
2023-01-02,STORE_006,SKU_0043,Chilled,Chilled_Sub_4,11,9.32,102.54,0,0.0,0,19,Hot,17.7,0,0,1
2023-01-02,STORE_006,SKU_0044,Dairy,Dairy_Sub_5,29,3.78,109.76,0,0.0,0,51,Hot,21.4,0,0,1
2023-01-02,STORE_006,SKU_0045,Fruits,Fruits_Sub_1,19,6.36,120.86,0,0.0,0,38,Rainy,11.0,0,0,1
2023-01-02,STORE_006,SKU_0046,Vegetables,Vegetables_Sub_2,23,5.47,107.35,1,0.15,0,40,Cloudy,19.1,0,0,1
2023-01-02,STORE_006,SKU_0047,Bakery,Bakery_Sub_3,14,11.58,162.11,0,0.0,0,23,Cloudy,20.9,0,0,1
2023-01-02,STORE_006,SKU_0048,Chilled,Chilled_Sub_4,11,7.12,78.32,0,0.0,0,33,Cloudy,13.1,0,0,1
2023-01-02,STORE_006,SKU_0049,Dairy,Dairy_Sub_5,27,4.86,131.32,0,0.0,0,54,Cold,18.3,0,0,1
2023-01-02,STORE_006,SKU_0050,Fruits,Fruits_Sub_1,19,7.88,149.65,0,0.0,0,42,Cloudy,26.7,0,0,1
2023-01-02,STORE_007,SKU_0001,Vegetables,Vegetables_Sub_2,35,2.54,88.79,0,0.0,0,47,Cold,22.7,0,0,1
2023-01-02,STORE_007,SKU_0002,Bakery,Bakery_Sub_3,14,9.4,131.57,0,0.0,0,22,Cloudy,16.0,0,0,1
2023-01-02,STORE_007,SKU_0003,Chilled,Chilled_Sub_4,14,5.45,76.31,0,0.0,0,18,Rainy,20.4,0,0,1
2023-01-02,STORE_007,SKU_0004,Dairy,Dairy_Sub_5,17,9.33,158.68,0,0.0,0,58,Cloudy,17.8,0,0,1
2023-01-02,STORE_007,SKU_0005,Fruits,Fruits_Sub_1,21,12.36,259.57,0,0.0,0,27,Hot,18.3,0,0,1
2023-01-02,STORE_007,SKU_0006,Vegetables,Vegetables_Sub_2,20,5.23,104.66,0,0.0,0,56,Sunny,23.0,0,0,1
2023-01-02,STORE_007,SKU_0007,Bakery,Bakery_Sub_3,10,2.23,22.35,0,0.0,0,27,Rainy,23.7,0,0,1
2023-01-02,STORE_007,SKU_0008,Chilled,Chilled_Sub_4,8,12.83,102.66,0,0.0,0,29,Cloudy,15.6,0,0,1
2023-01-02,STORE_007,SKU_0009,Dairy,Dairy_Sub_5,19,14.93,283.71,0,0.0,0,38,Rainy,27.9,0,0,1
2023-01-02,STORE_007,SKU_0010,Fruits,Fruits_Sub_1,16,8.39,134.2,0,0.0,0,37,Hot,14.6,0,0,1
2023-01-02,STORE_007,SKU_0011,Vegetables,Vegetables_Sub_2,25,7.96,198.89,0,0.0,0,37,Rainy,12.9,0,0,1
2023-01-02,STORE_007,SKU_0012,Bakery,Bakery_Sub_3,10,6.91,69.09,0,0.0,0,18,Cloudy,22.8,0,0,1
2023-01-02,STORE_007,SKU_0013,Chilled,Chilled_Sub_4,12,3.66,38.66,1,0.12,0,26,Sunny,28.4,0,0,1
2023-01-02,STORE_007,SKU_0014,Dairy,Dairy_Sub_5,22,11.5,253.11,0,0.0,0,37,Sunny,20.4,0,0,1
2023-01-02,STORE_007,SKU_0015,Fruits,Fruits_Sub_1,16,4.92,78.71,0,0.0,0,29,Cold,23.1,0,0,1
2023-01-02,STORE_007,SKU_0016,Vegetables,Vegetables_Sub_2,26,10.52,273.45,0,0.0,0,62,Sunny,12.3,0,0,1
2023-01-02,STORE_007,SKU_0017,Bakery,Bakery_Sub_3,14,8.3,116.21,0,0.0,0,20,Sunny,11.4,0,0,1
2023-01-02,STORE_007,SKU_0018,Chilled,Chilled_Sub_4,12,2.37,28.42,0,0.0,0,30,Rainy,25.6,0,0,1
2023-01-02,STORE_007,SKU_0019,Dairy,Dairy_Sub_5,25,4.76,95.44,1,0.2,0,35,Cold,29.7,0,0,1
2023-01-02,STORE_007,SKU_0020,Fruits,Fruits_Sub_1,18,5.71,102.8,0,0.0,0,39,Cold,24.1,0,0,1
2023-01-02,STORE_007,SKU_0021,Vegetables,Vegetables_Sub_2,21,10.63,223.31,0,0.0,0,55,Cloudy,22.2,0,0,1
2023-01-02,STORE_007,SKU_0022,Bakery,Bakery_Sub_3,13,13.05,169.59,0,0.0,0,31,Sunny,10.7,0,0,1
2023-01-02,STORE_007,SKU_0023,Chilled,Chilled_Sub_4,15,5.37,80.52,0,0.0,0,44,Cloudy,27.6,0,0,1
2023-01-02,STORE_007,SKU_0024,Dairy,Dairy_Sub_5,18,6.39,114.98,0,0.0,0,43,Rainy,10.6,0,0,1
2023-01-02,STORE_007,SKU_0025,Fruits,Fruits_Sub_1,11,10.94,120.34,0,0.0,0,24,Cloudy,28.1,0,0,1
2023-01-02,STORE_007,SKU_0026,Vegetables,Vegetables_Sub_2,25,10.29,257.19,0,0.0,0,44,Sunny,24.7,0,0,1
2023-01-02,STORE_007,SKU_0027,Bakery,Bakery_Sub_3,13,14.9,193.72,0,0.0,0,20,Cloudy,26.7,0,0,1
2023-01-02,STORE_007,SKU_0028,Chilled,Chilled_Sub_4,12,8.4,100.77,0,0.0,0,34,Rainy,23.6,0,0,1
2023-01-02,STORE_007,SKU_0029,Dairy,Dairy_Sub_5,20,10.72,214.38,0,0.0,0,41,Cloudy,27.3,0,0,1
2023-01-02,STORE_007,SKU_0030,Fruits,Fruits_Sub_1,17,7.14,121.33,0,0.0,0,40,Sunny,27.3,0,0,1
2023-01-02,STORE_007,SKU_0031,Vegetables,Vegetables_Sub_2,22,2.32,50.99,0,0.0,0,46,Rainy,16.5,0,0,1
2023-01-02,STORE_007,SKU_0032,Bakery,Bakery_Sub_3,7,6.52,45.61,0,0.0,0,24,Hot,15.8,0,0,1
2023-01-02,STORE_007,SKU_0033,Chilled,Chilled_Sub_4,12,6.4,76.77,0,0.0,0,27,Sunny,25.4,0,0,1
2023-01-02,STORE_007,SKU_0034,Dairy,Dairy_Sub_5,19,14.85,282.13,0,0.0,0,51,Cloudy,29.5,0,0,1
2023-01-02,STORE_007,SKU_0035,Fruits,Fruits_Sub_1,20,7.05,140.91,0,0.0,0,32,Rainy,10.9,0,0,1
2023-01-02,STORE_007,SKU_0036,Vegetables,Vegetables_Sub_2,17,14.91,253.53,0,0.0,0,40,Rainy,21.9,0,0,1
2023-01-02,STORE_007,SKU_0037,Bakery,Bakery_Sub_3,11,14.76,162.39,0,0.0,0,27,Cold,16.1,0,0,1
2023-01-02,STORE_007,SKU_0038,Chilled,Chilled_Sub_4,15,10.81,162.08,0,0.0,0,32,Cold,11.3,0,0,1
2023-01-02,STORE_007,SKU_0039,Dairy,Dairy_Sub_5,30,2.04,61.2,0,0.0,0,34,Hot,27.6,0,0,1
2023-01-02,STORE_007,SKU_0040,Fruits,Fruits_Sub_1,13,6.62,86.11,0,0.0,0,34,Cold,21.4,0,0,1
2023-01-02,STORE_007,SKU_0041,Vegetables,Vegetables_Sub_2,17,13.06,222.07,0,0.0,0,56,Cloudy,11.9,0,0,1
2023-01-02,STORE_007,SKU_0042,Bakery,Bakery_Sub_3,10,9.53,95.27,0,0.0,0,24,Cloudy,15.8,0,0,1
2023-01-02,STORE_007,SKU_0043,Chilled,Chilled_Sub_4,0,5.98,0.0,0,0.0,1,28,Hot,19.8,0,0,1
2023-01-02,STORE_007,SKU_0044,Dairy,Dairy_Sub_5,29,11.6,336.5,0,0.0,0,36,Hot,12.1,0,0,1
2023-01-02,STORE_007,SKU_0045,Fruits,Fruits_Sub_1,19,3.15,59.79,0,0.0,0,30,Cold,13.4,0,0,1
2023-01-02,STORE_007,SKU_0046,Vegetables,Vegetables_Sub_2,25,5.99,149.64,0,0.0,0,48,Sunny,24.9,0,0,1
2023-01-02,STORE_007,SKU_0047,Bakery,Bakery_Sub_3,10,14.72,116.79,1,0.21,0,24,Cold,26.2,0,0,1
2023-01-02,STORE_007,SKU_0048,Chilled,Chilled_Sub_4,11,6.62,72.77,0,0.0,0,28,Hot,11.3,0,0,1
2023-01-02,STORE_007,SKU_0049,Dairy,Dairy_Sub_5,0,6.06,0.0,0,0.0,1,41,Cold,26.9,0,0,1
2023-01-02,STORE_007,SKU_0050,Fruits,Fruits_Sub_1,22,9.45,207.8,0,0.0,0,36,Cold,11.1,0,0,1
2023-01-02,STORE_008,SKU_0001,Vegetables,Vegetables_Sub_2,26,14.06,365.68,0,0.0,0,54,Sunny,16.5,0,0,1
2023-01-02,STORE_008,SKU_0002,Bakery,Bakery_Sub_3,5,13.7,68.5,0,0.0,0,14,Cold,13.9,0,0,1
2023-01-02,STORE_008,SKU_0003,Chilled,Chilled_Sub_4,10,11.04,110.42,0,0.0,0,21,Cold,13.5,0,0,1
2023-01-02,STORE_008,SKU_0004,Dairy,Dairy_Sub_5,20,2.79,55.82,0,0.0,0,43,Rainy,11.5,0,0,1
2023-01-02,STORE_008,SKU_0005,Fruits,Fruits_Sub_1,12,10.56,126.72,0,0.0,0,43,Cold,16.7,0,0,1
2023-01-02,STORE_008,SKU_0006,Vegetables,Vegetables_Sub_2,23,12.45,286.25,0,0.0,0,49,Sunny,19.2,0,0,1
2023-01-02,STORE_008,SKU_0007,Bakery,Bakery_Sub_3,12,6.94,83.22,0,0.0,0,21,Sunny,18.0,0,0,1
2023-01-02,STORE_008,SKU_0008,Chilled,Chilled_Sub_4,19,4.76,90.46,0,0.0,0,32,Hot,15.4,0,0,1
2023-01-02,STORE_008,SKU_0009,Dairy,Dairy_Sub_5,11,14.28,157.11,0,0.0,0,49,Rainy,27.2,0,0,1
2023-01-02,STORE_008,SKU_0010,Fruits,Fruits_Sub_1,11,2.42,26.6,0,0.0,0,39,Hot,22.4,0,0,1
2023-01-02,STORE_008,SKU_0011,Vegetables,Vegetables_Sub_2,26,14.03,364.72,0,0.0,0,41,Sunny,18.3,0,0,1
2023-01-02,STORE_008,SKU_0012,Bakery,Bakery_Sub_3,6,4.74,28.46,0,0.0,0,31,Cold,25.5,0,0,1
2023-01-02,STORE_008,SKU_0013,Chilled,Chilled_Sub_4,8,8.74,69.95,0,0.0,0,22,Cloudy,22.5,0,0,1
2023-01-02,STORE_008,SKU_0014,Dairy,Dairy_Sub_5,21,3.26,68.52,0,0.0,0,55,Cold,18.1,0,0,1
2023-01-02,STORE_008,SKU_0015,Fruits,Fruits_Sub_1,9,3.27,29.47,0,0.0,0,32,Rainy,24.2,0,0,1
2023-01-02,STORE_008,SKU_0016,Vegetables,Vegetables_Sub_2,19,14.91,283.34,0,0.0,0,53,Cloudy,11.4,0,0,1
2023-01-02,STORE_008,SKU_0017,Bakery,Bakery_Sub_3,12,6.54,78.54,0,0.0,0,30,Sunny,16.9,0,0,1
2023-01-02,STORE_008,SKU_0018,Chilled,Chilled_Sub_4,18,2.41,43.38,0,0.0,0,22,Rainy,24.5,0,0,1
2023-01-02,STORE_008,SKU_0019,Dairy,Dairy_Sub_5,21,7.03,147.65,0,0.0,0,37,Hot,17.6,0,0,1
2023-01-02,STORE_008,SKU_0020,Fruits,Fruits_Sub_1,25,6.01,150.33,0,0.0,0,34,Sunny,16.8,0,0,1
2023-01-02,STORE_008,SKU_0021,Vegetables,Vegetables_Sub_2,0,10.94,0.0,0,0.0,1,46,Cloudy,28.1,0,0,1
2023-01-02,STORE_008,SKU_0022,Bakery,Bakery_Sub_3,7,4.52,31.61,0,0.0,0,14,Rainy,23.7,0,0,1
2023-01-02,STORE_008,SKU_0023,Chilled,Chilled_Sub_4,13,9.01,117.17,0,0.0,0,40,Rainy,26.6,0,0,1
2023-01-02,STORE_008,SKU_0024,Dairy,Dairy_Sub_5,23,10.94,251.53,0,0.0,0,41,Sunny,16.0,0,0,1
2023-01-02,STORE_008,SKU_0025,Fruits,Fruits_Sub_1,20,2.48,49.64,0,0.0,0,35,Cold,28.6,0,0,1
2023-01-02,STORE_008,SKU_0026,Vegetables,Vegetables_Sub_2,23,12.66,291.12,0,0.0,0,45,Cloudy,27.3,0,0,1
2023-01-02,STORE_008,SKU_0027,Bakery,Bakery_Sub_3,16,13.25,211.98,0,0.0,0,28,Cloudy,19.8,0,0,1
2023-01-02,STORE_008,SKU_0028,Chilled,Chilled_Sub_4,17,12.13,163.89,1,0.21,0,32,Hot,15.0,0,0,1
2023-01-02,STORE_008,SKU_0029,Dairy,Dairy_Sub_5,19,5.95,112.96,0,0.0,0,43,Sunny,17.9,0,0,1
2023-01-02,STORE_008,SKU_0030,Fruits,Fruits_Sub_1,16,11.69,187.04,0,0.0,0,40,Sunny,22.9,0,0,1
2023-01-02,STORE_008,SKU_0031,Vegetables,Vegetables_Sub_2,22,10.04,220.86,0,0.0,0,62,Rainy,29.7,0,0,1
2023-01-02,STORE_008,SKU_0032,Bakery,Bakery_Sub_3,14,8.25,84.54,1,0.27,0,29,Rainy,13.4,0,0,1
2023-01-02,STORE_008,SKU_0033,Chilled,Chilled_Sub_4,13,10.6,137.85,0,0.0,0,32,Cloudy,25.4,0,0,1
2023-01-02,STORE_008,SKU_0034,Dairy,Dairy_Sub_5,0,11.21,0.0,0,0.0,1,40,Cold,22.0,0,0,1
2023-01-02,STORE_008,SKU_0035,Fruits,Fruits_Sub_1,22,5.43,119.5,0,0.0,0,35,Cold,28.7,0,0,1
2023-01-02,STORE_008,SKU_0036,Vegetables,Vegetables_Sub_2,24,3.32,79.74,0,0.0,0,46,Cold,12.0,0,0,1
2023-01-02,STORE_008,SKU_0037,Bakery,Bakery_Sub_3,15,7.96,93.22,1,0.22,0,16,Rainy,28.8,0,0,1
2023-01-02,STORE_008,SKU_0038,Chilled,Chilled_Sub_4,11,10.16,111.76,0,0.0,0,23,Hot,18.2,0,0,1
2023-01-02,STORE_008,SKU_0039,Dairy,Dairy_Sub_5,23,9.59,220.59,0,0.0,0,29,Cold,21.3,0,0,1
2023-01-02,STORE_008,SKU_0040,Fruits,Fruits_Sub_1,17,9.28,157.72,0,0.0,0,30,Cold,21.2,0,0,1
2023-01-02,STORE_008,SKU_0041,Vegetables,Vegetables_Sub_2,27,10.82,292.26,0,0.0,0,42,Rainy,14.8,0,0,1
2023-01-02,STORE_008,SKU_0042,Bakery,Bakery_Sub_3,12,3.87,46.5,0,0.0,0,27,Cold,22.8,0,0,1
2023-01-02,STORE_008,SKU_0043,Chilled,Chilled_Sub_4,14,14.27,142.21,1,0.29,0,24,Cold,10.4,0,0,1
2023-01-02,STORE_008,SKU_0044,Dairy,Dairy_Sub_5,21,3.16,66.32,0,0.0,0,42,Cloudy,10.4,0,0,1
2023-01-02,STORE_008,SKU_0045,Fruits,Fruits_Sub_1,17,12.31,209.21,0,0.0,0,30,Cold,21.4,0,0,1
2023-01-02,STORE_008,SKU_0046,Vegetables,Vegetables_Sub_2,24,9.03,216.8,0,0.0,0,47,Hot,21.7,0,0,1
2023-01-02,STORE_008,SKU_0047,Bakery,Bakery_Sub_3,8,7.05,56.36,0,0.0,0,29,Sunny,25.6,0,0,1
2023-01-02,STORE_008,SKU_0048,Chilled,Chilled_Sub_4,17,6.49,78.31,1,0.29,0,26,Rainy,29.5,0,0,1
2023-01-02,STORE_008,SKU_0049,Dairy,Dairy_Sub_5,22,7.82,171.96,0,0.0,0,47,Sunny,17.8,0,0,1
2023-01-02,STORE_008,SKU_0050,Fruits,Fruits_Sub_1,20,2.94,58.88,0,0.0,0,39,Sunny,16.3,0,0,1
2023-01-02,STORE_009,SKU_0001,Vegetables,Vegetables_Sub_2,18,8.69,156.39,0,0.0,0,47,Rainy,23.5,0,0,1
2023-01-02,STORE_009,SKU_0002,Bakery,Bakery_Sub_3,13,14.82,192.66,0,0.0,0,24,Hot,26.3,0,0,1
2023-01-02,STORE_009,SKU_0003,Chilled,Chilled_Sub_4,6,12.55,75.28,0,0.0,0,33,Cloudy,22.8,0,0,1
2023-01-02,STORE_009,SKU_0004,Dairy,Dairy_Sub_5,27,11.54,311.58,0,0.0,0,45,Sunny,20.3,0,0,1
2023-01-02,STORE_009,SKU_0005,Fruits,Fruits_Sub_1,0,5.74,0.0,0,0.0,1,37,Sunny,11.8,0,0,1
2023-01-02,STORE_009,SKU_0006,Vegetables,Vegetables_Sub_2,29,3.6,104.28,0,0.0,0,55,Cold,27.3,0,0,1
2023-01-02,STORE_009,SKU_0007,Bakery,Bakery_Sub_3,15,14.22,213.33,0,0.0,0,24,Cold,28.2,0,0,1
2023-01-02,STORE_009,SKU_0008,Chilled,Chilled_Sub_4,14,8.25,115.47,0,0.0,0,34,Cloudy,13.2,0,0,1
2023-01-02,STORE_009,SKU_0009,Dairy,Dairy_Sub_5,23,3.71,85.28,0,0.0,0,35,Cold,23.3,0,0,1
2023-01-02,STORE_009,SKU_0010,Fruits,Fruits_Sub_1,12,2.56,30.73,0,0.0,0,19,Cold,14.8,0,0,1
2023-01-02,STORE_009,SKU_0011,Vegetables,Vegetables_Sub_2,25,11.68,292.0,0,0.0,0,45,Cloudy,24.3,0,0,1
2023-01-02,STORE_009,SKU_0012,Bakery,Bakery_Sub_3,13,11.45,148.9,0,0.0,0,26,Sunny,10.5,0,0,1
2023-01-02,STORE_009,SKU_0013,Chilled,Chilled_Sub_4,8,14.09,112.74,0,0.0,0,21,Cold,28.2,0,0,1
2023-01-02,STORE_009,SKU_0014,Dairy,Dairy_Sub_5,0,12.87,0.0,0,0.0,1,42,Hot,15.6,0,0,1
2023-01-02,STORE_009,SKU_0015,Fruits,Fruits_Sub_1,14,4.41,48.65,1,0.21,0,43,Cloudy,14.3,0,0,1
2023-01-02,STORE_009,SKU_0016,Vegetables,Vegetables_Sub_2,23,9.55,219.59,0,0.0,0,49,Sunny,10.1,0,0,1
2023-01-02,STORE_009,SKU_0017,Bakery,Bakery_Sub_3,3,2.43,7.29,0,0.0,0,28,Sunny,20.8,0,0,1
2023-01-02,STORE_009,SKU_0018,Chilled,Chilled_Sub_4,25,12.46,311.46,0,0.0,0,38,Sunny,17.4,0,0,1
2023-01-02,STORE_009,SKU_0019,Dairy,Dairy_Sub_5,29,14.56,422.17,0,0.0,0,38,Cold,20.8,0,0,1
2023-01-02,STORE_009,SKU_0020,Fruits,Fruits_Sub_1,17,3.53,49.37,1,0.18,0,27,Cloudy,11.9,0,0,1
2023-01-02,STORE_009,SKU_0021,Vegetables,Vegetables_Sub_2,28,11.87,332.43,0,0.0,0,46,Rainy,13.8,0,0,1
2023-01-02,STORE_009,SKU_0022,Bakery,Bakery_Sub_3,12,4.6,55.22,0,0.0,0,22,Sunny,15.9,0,0,1
2023-01-02,STORE_009,SKU_0023,Chilled,Chilled_Sub_4,14,9.68,135.5,0,0.0,0,24,Hot,13.1,0,0,1
2023-01-02,STORE_009,SKU_0024,Dairy,Dairy_Sub_5,15,14.37,215.61,0,0.0,0,43,Rainy,12.1,0,0,1
2023-01-02,STORE_009,SKU_0025,Fruits,Fruits_Sub_1,21,13.95,293.02,0,0.0,0,31,Cloudy,15.1,0,0,1
2023-01-02,STORE_009,SKU_0026,Vegetables,Vegetables_Sub_2,18,13.82,248.76,0,0.0,0,39,Rainy,24.2,0,0,1
2023-01-02,STORE_009,SKU_0027,Bakery,Bakery_Sub_3,11,2.7,29.74,0,0.0,0,18,Rainy,18.8,0,0,1
2023-01-02,STORE_009,SKU_0028,Chilled,Chilled_Sub_4,9,14.9,134.09,0,0.0,0,17,Cloudy,22.7,0,0,1
2023-01-02,STORE_009,SKU_0029,Dairy,Dairy_Sub_5,24,5.37,128.8,0,0.0,0,44,Cold,19.2,0,0,1
2023-01-02,STORE_009,SKU_0030,Fruits,Fruits_Sub_1,23,5.71,131.38,0,0.0,0,35,Cold,10.1,0,0,1
2023-01-02,STORE_009,SKU_0031,Vegetables,Vegetables_Sub_2,29,2.44,70.64,0,0.0,0,48,Sunny,24.8,0,0,1
2023-01-02,STORE_009,SKU_0032,Bakery,Bakery_Sub_3,16,3.09,40.88,1,0.17,0,31,Hot,18.7,0,0,1
2023-01-02,STORE_009,SKU_0033,Chilled,Chilled_Sub_4,10,8.88,88.8,0,0.0,0,27,Cold,12.0,0,0,1
2023-01-02,STORE_009,SKU_0034,Dairy,Dairy_Sub_5,0,6.85,0.0,0,0.0,1,34,Cloudy,17.9,0,0,1
2023-01-02,STORE_009,SKU_0035,Fruits,Fruits_Sub_1,13,14.78,192.19,0,0.0,0,25,Cold,16.3,0,0,1
2023-01-02,STORE_009,SKU_0036,Vegetables,Vegetables_Sub_2,22,2.25,41.0,1,0.17,0,41,Cold,24.5,0,0,1
2023-01-02,STORE_009,SKU_0037,Bakery,Bakery_Sub_3,11,3.59,39.45,0,0.0,0,26,Cloudy,29.6,0,0,1
2023-01-02,STORE_009,SKU_0038,Chilled,Chilled_Sub_4,19,10.28,195.34,0,0.0,0,33,Sunny,16.3,0,0,1
2023-01-02,STORE_009,SKU_0039,Dairy,Dairy_Sub_5,26,8.99,233.78,0,0.0,0,32,Cloudy,11.1,0,0,1
2023-01-02,STORE_009,SKU_0040,Fruits,Fruits_Sub_1,12,7.35,67.64,1,0.23,0,43,Cloudy,18.1,0,0,1
2023-01-02,STORE_009,SKU_0041,Vegetables,Vegetables_Sub_2,0,8.21,0.0,0,0.0,1,44,Cloudy,18.2,0,0,1
2023-01-02,STORE_009,SKU_0042,Bakery,Bakery_Sub_3,9,14.52,130.67,0,0.0,0,21,Cloudy,10.4,0,0,1
2023-01-02,STORE_009,SKU_0043,Chilled,Chilled_Sub_4,13,12.64,164.35,0,0.0,0,28,Hot,20.7,0,0,1
2023-01-02,STORE_009,SKU_0044,Dairy,Dairy_Sub_5,31,10.38,321.67,0,0.0,0,39,Cold,11.7,0,0,1
2023-01-02,STORE_009,SKU_0045,Fruits,Fruits_Sub_1,21,3.2,48.87,1,0.27,0,35,Sunny,29.9,0,0,1
2023-01-02,STORE_009,SKU_0046,Vegetables,Vegetables_Sub_2,23,2.02,46.49,0,0.0,0,45,Cold,27.9,0,0,1
2023-01-02,STORE_009,SKU_0047,Bakery,Bakery_Sub_3,14,14.26,199.62,0,0.0,0,25,Cloudy,12.3,0,0,1
2023-01-02,STORE_009,SKU_0048,Chilled,Chilled_Sub_4,14,7.54,105.54,0,0.0,0,25,Cold,12.2,0,0,1
2023-01-02,STORE_009,SKU_0049,Dairy,Dairy_Sub_5,17,6.57,111.68,0,0.0,0,54,Cloudy,11.1,0,0,1
2023-01-02,STORE_009,SKU_0050,Fruits,Fruits_Sub_1,13,3.23,41.99,0,0.0,0,41,Rainy,14.7,0,0,1
2023-01-02,STORE_010,SKU_0001,Vegetables,Vegetables_Sub_2,17,12.27,208.65,0,0.0,0,33,Cold,29.9,0,0,1
2023-01-02,STORE_010,SKU_0002,Bakery,Bakery_Sub_3,10,11.59,115.92,0,0.0,0,32,Cold,15.2,0,0,1
2023-01-02,STORE_010,SKU_0003,Chilled,Chilled_Sub_4,14,4.97,69.63,0,0.0,0,27,Hot,10.2,0,0,1
2023-01-02,STORE_010,SKU_0004,Dairy,Dairy_Sub_5,18,3.08,55.41,0,0.0,0,43,Cloudy,15.4,0,0,1
2023-01-02,STORE_010,SKU_0005,Fruits,Fruits_Sub_1,20,5.55,111.01,0,0.0,0,30,Hot,18.8,0,0,1
2023-01-02,STORE_010,SKU_0006,Vegetables,Vegetables_Sub_2,37,5.57,206.12,0,0.0,0,47,Cloudy,27.9,0,0,1
2023-01-02,STORE_010,SKU_0007,Bakery,Bakery_Sub_3,7,14.91,93.38,1,0.11,0,23,Cold,24.3,0,0,1
2023-01-02,STORE_010,SKU_0008,Chilled,Chilled_Sub_4,12,8.72,104.69,0,0.0,0,25,Hot,24.5,0,0,1
2023-01-02,STORE_010,SKU_0009,Dairy,Dairy_Sub_5,20,4.44,88.89,0,0.0,0,44,Sunny,16.8,0,0,1
2023-01-02,STORE_010,SKU_0010,Fruits,Fruits_Sub_1,10,11.9,118.96,0,0.0,0,28,Hot,25.7,0,0,1
2023-01-02,STORE_010,SKU_0011,Vegetables,Vegetables_Sub_2,29,14.63,424.41,0,0.0,0,49,Hot,24.3,0,0,1
2023-01-02,STORE_010,SKU_0012,Bakery,Bakery_Sub_3,15,11.98,158.71,1,0.12,0,23,Cloudy,27.0,0,0,1
2023-01-02,STORE_010,SKU_0013,Chilled,Chilled_Sub_4,13,3.12,40.52,0,0.0,0,26,Rainy,25.4,0,0,1
2023-01-02,STORE_010,SKU_0014,Dairy,Dairy_Sub_5,28,11.31,316.63,0,0.0,0,46,Sunny,15.5,0,0,1
2023-01-02,STORE_010,SKU_0015,Fruits,Fruits_Sub_1,21,11.5,180.32,1,0.25,0,38,Rainy,16.1,0,0,1
2023-01-02,STORE_010,SKU_0016,Vegetables,Vegetables_Sub_2,28,6.14,171.78,0,0.0,0,57,Sunny,11.0,0,0,1
2023-01-02,STORE_010,SKU_0017,Bakery,Bakery_Sub_3,14,14.79,207.01,0,0.0,0,26,Sunny,16.9,0,0,1
2023-01-02,STORE_010,SKU_0018,Chilled,Chilled_Sub_4,0,8.84,0.0,0,0.0,1,27,Sunny,29.4,0,0,1
2023-01-02,STORE_010,SKU_0019,Dairy,Dairy_Sub_5,18,13.63,245.36,0,0.0,0,44,Cloudy,15.3,0,0,1
2023-01-02,STORE_010,SKU_0020,Fruits,Fruits_Sub_1,16,9.54,128.51,1,0.16,0,35,Rainy,25.5,0,0,1
2023-01-02,STORE_010,SKU_0021,Vegetables,Vegetables_Sub_2,16,9.92,158.8,0,0.0,0,39,Rainy,29.6,0,0,1
2023-01-02,STORE_010,SKU_0022,Bakery,Bakery_Sub_3,21,14.78,310.39,0,0.0,0,26,Hot,27.6,0,0,1
2023-01-02,STORE_010,SKU_0023,Chilled,Chilled_Sub_4,11,12.95,142.48,0,0.0,0,34,Cloudy,26.9,0,0,1
2023-01-02,STORE_010,SKU_0024,Dairy,Dairy_Sub_5,0,4.58,0.0,0,0.0,1,42,Sunny,25.0,0,0,1
2023-01-02,STORE_010,SKU_0025,Fruits,Fruits_Sub_1,20,6.83,136.63,0,0.0,0,46,Cold,10.8,0,0,1
2023-01-02,STORE_010,SKU_0026,Vegetables,Vegetables_Sub_2,23,5.53,127.16,0,0.0,0,45,Rainy,27.0,0,0,1
2023-01-02,STORE_010,SKU_0027,Bakery,Bakery_Sub_3,6,8.47,50.82,0,0.0,0,23,Rainy,25.8,0,0,1
2023-01-02,STORE_010,SKU_0028,Chilled,Chilled_Sub_4,18,7.85,141.34,0,0.0,0,30,Rainy,21.2,0,0,1
2023-01-02,STORE_010,SKU_0029,Dairy,Dairy_Sub_5,20,6.2,123.99,0,0.0,0,36,Hot,24.2,0,0,1
2023-01-02,STORE_010,SKU_0030,Fruits,Fruits_Sub_1,15,9.16,101.91,1,0.26,0,37,Rainy,10.1,0,0,1
2023-01-02,STORE_010,SKU_0031,Vegetables,Vegetables_Sub_2,21,11.81,248.09,0,0.0,0,35,Sunny,19.8,0,0,1
2023-01-02,STORE_010,SKU_0032,Bakery,Bakery_Sub_3,12,10.5,125.96,0,0.0,0,24,Hot,13.0,0,0,1
2023-01-02,STORE_010,SKU_0033,Chilled,Chilled_Sub_4,10,8.0,80.04,0,0.0,0,21,Cold,12.2,0,0,1
2023-01-02,STORE_010,SKU_0034,Dairy,Dairy_Sub_5,9,6.36,57.21,0,0.0,0,37,Rainy,29.9,0,0,1
2023-01-02,STORE_010,SKU_0035,Fruits,Fruits_Sub_1,22,12.73,280.08,0,0.0,0,36,Hot,17.3,0,0,1
2023-01-02,STORE_010,SKU_0036,Vegetables,Vegetables_Sub_2,21,7.12,149.55,0,0.0,0,48,Hot,20.8,0,0,1
2023-01-02,STORE_010,SKU_0037,Bakery,Bakery_Sub_3,14,2.2,21.72,1,0.29,0,18,Cold,20.0,0,0,1
2023-01-02,STORE_010,SKU_0038,Chilled,Chilled_Sub_4,14,5.14,71.91,0,0.0,0,38,Hot,28.0,0,0,1
2023-01-02,STORE_010,SKU_0039,Dairy,Dairy_Sub_5,23,14.08,323.89,0,0.0,0,42,Sunny,19.9,0,0,1
2023-01-02,STORE_010,SKU_0040,Fruits,Fruits_Sub_1,16,12.04,192.67,0,0.0,0,38,Cloudy,26.5,0,0,1
2023-01-02,STORE_010,SKU_0041,Vegetables,Vegetables_Sub_2,27,8.08,218.27,0,0.0,0,43,Cloudy,21.2,0,0,1
2023-01-02,STORE_010,SKU_0042,Bakery,Bakery_Sub_3,12,12.71,152.56,0,0.0,0,30,Cold,27.4,0,0,1
2023-01-02,STORE_010,SKU_0043,Chilled,Chilled_Sub_4,11,7.26,79.91,0,0.0,0,28,Cold,28.6,0,0,1
2023-01-02,STORE_010,SKU_0044,Dairy,Dairy_Sub_5,23,5.52,126.89,0,0.0,0,28,Sunny,23.0,0,0,1
2023-01-02,STORE_010,SKU_0045,Fruits,Fruits_Sub_1,18,2.9,52.21,0,0.0,0,41,Rainy,15.7,0,0,1
2023-01-02,STORE_010,SKU_0046,Vegetables,Vegetables_Sub_2,0,11.32,0.0,0,0.0,1,43,Sunny,18.2,0,0,1
2023-01-02,STORE_010,SKU_0047,Bakery,Bakery_Sub_3,8,8.32,66.57,0,0.0,0,24,Sunny,14.0,0,0,1
2023-01-02,STORE_010,SKU_0048,Chilled,Chilled_Sub_4,10,4.25,42.48,0,0.0,0,30,Rainy,20.5,0,0,1
2023-01-02,STORE_010,SKU_0049,Dairy,Dairy_Sub_5,24,10.43,250.36,0,0.0,0,42,Cold,13.2,0,0,1
2023-01-02,STORE_010,SKU_0050,Fruits,Fruits_Sub_1,20,4.12,82.45,0,0.0,0,25,Sunny,21.4,0,0,1
